hike_name,hike_region,total_distance,elevation_gain,hike_difficulty,num_reviews,stars,hike_id,loop,out_and_back,point_to_point,dog_friendly,kid_friendly,camping,waterfall,river,lake,wildflowers,wildlife,views
Maxwell Falls Lower Trail,Arapaho National Forest,4.2,1008,2,385,3.9,hike0,1,0,0,1,0,1,1,1,0,1,0,0
Royal Arch Trail,Chautauqua Park,3.4,1651,3,404,4.4,hike1,0,1,0,1,0,0,0,0,0,1,0,1
Beaver Brook /Chavez Trail Loop,Genesee Park,3.9,1008,2,298,4.4,hike2,1,0,0,1,0,0,1,1,0,0,0,0
The Incline Trail,Manitou Park Recreation Area,3.6,1976,3,399,4.7,hike3,1,0,0,0,0,0,0,0,0,1,0,1
Emerald Lake Trail,Rocky Mountain National Park,3.3,767,1,285,4.6,hike4,0,1,0,0,1,0,0,1,1,1,0,1
Hanging Lake Trail ,White River National Forest,3.2,1214,2,399,4.6,hike5,0,1,0,0,1,0,1,1,1,1,0,1
Mount Falcon Castle Trail,Mount Falcon Park,7.9,1836,2,233,4.2,hike6,0,1,0,1,1,0,0,0,0,0,0,1
Mount Sanitas Trail,Boulder Mountain Park,3.3,1354,2,241,4.1,hike7,1,0,0,1,1,0,0,0,0,1,0,1
Mohawk Lakes Trail,Pike National Forest,8.2,2149,2,224,4.7,hike8,0,1,0,1,0,0,1,1,1,1,0,1
Mount Bierstadt Trail,Arapaho National Forest,7.3,2767,3,246,4.3,hike9,0,1,0,1,0,0,0,0,1,1,0,1
Seven Bridges Trail,North Cheyenne Park,3.8,1181,2,228,4.3,hike10,1,0,0,1,1,0,0,1,0,1,0,1
Devil's Head Lookout Trail to Fire Tower,Pike National Forest,2.7,958,2,269,4.5,hike11,0,1,0,1,1,0,0,0,0,1,0,1
Diamond Lake Trail,Roosevelt National Forest,5.7,1324,2,136,4.7,hike12,0,1,0,1,1,0,0,0,1,1,0,1
First and Second Flatiron Hike,Chautauqua Park,2.8,1512,3,158,4.3,hike13,1,0,0,1,0,0,0,0,0,1,0,1
Gem Lake Trail,Rocky Mountain National Park,5.5,1494,3,208,4.1,hike14,0,1,0,1,0,1,0,0,1,1,0,1
Booth Falls Trail,White River National Forest,3.9,1384,2,186,4.4,hike15,0,1,0,1,1,0,1,0,0,1,0,1
St. Mary's Falls Trail,North Cheyenne Park,5.2,1385,2,137,4.4,hike16,0,1,0,1,1,1,1,0,0,1,0,1
Red Rock Canyon Trails,Red Rock Canyon Open Space,3.4,1003,1,153,4.3,hike17,1,0,0,1,1,0,0,0,0,1,0,1
Apex Park Enchanted Forest Trail,Apex Open Space Park,7.5,1735,2,146,3.9,hike18,1,0,0,1,0,0,0,1,0,1,0,1
Alderfer Three Sisters Trail,Alderfer / Three Sisters Park,6.9,1248,1,110,4.1,hike19,1,0,0,1,1,0,0,0,0,1,0,1
Ouzel Falls Trail,Rocky Mountain National Park,5.2,1061,2,132,4.4,hike20,0,1,0,0,1,0,1,1,0,1,0,0
St. Mary's Glacier,Arapaho National Forest,1.4,438,1,175,4.4,hike21,0,1,0,1,1,1,0,0,1,0,0,1
Horsetooth Falls and Horsetooth Rock Trail,Horsetooth Mountain Park,6.0,1685,2,162,4.1,hike22,1,0,0,1,0,0,1,0,0,1,0,1
Bear Peak Trail,Boulder Mountain Park,7.7,3019,3,104,4.5,hike23,0,1,0,1,0,0,0,0,0,1,0,1
McCullough Gulch Trail ,White River National Forest,3.2,928,2,169,4.6,hike24,0,1,0,1,0,0,1,1,1,1,0,1
Red Rocks and Morrison Slide Trails,Red Rocks Park,4.5,755,1,78,4.0,hike25,1,0,0,1,1,0,0,0,0,0,0,1
Eldorado Canyon Trail,Eldorado Canyon State Park,6.6,2253,2,96,4.2,hike26,0,1,0,1,1,0,0,0,0,1,0,1
Sky Pond Trail,Rocky Mountain National Park,8.4,1838,3,150,4.9,hike27,0,1,0,0,0,0,1,1,1,1,0,1
Crater Lakes Trail,Roosevelt National Forest,5.4,1444,3,87,4.5,hike28,0,1,0,1,0,1,0,1,1,1,0,1
Mount Galbraith Trail,Jefferson County Open Space,4.2,961,2,159,4.0,hike29,1,0,0,0,0,0,0,0,0,0,0,0
Alberta Falls Trail,Rocky Mountain National Park,1.7,312,1,129,4.3,hike30,0,1,0,0,1,0,1,1,0,1,0,1
Quandary Peak Trail,White River National Forest,6.2,3347,3,152,4.3,hike31,0,1,0,1,0,1,0,1,1,1,0,1
Herman Gulch Trail,Arapaho National Forest,6.4,1786,2,158,4.6,hike32,0,1,0,1,0,0,0,1,1,1,0,1
Barr Trail to Pikes Peak,Pike National Forest,23.0,7508,3,106,4.5,hike33,0,1,0,1,0,1,0,1,0,1,0,1
Lake Isabelle Trail,Indian Peaks Wilderness,4.5,479,1,102,4.5,hike34,1,0,0,1,1,0,1,0,1,1,0,1
Bear Lake Nature Trail,Rocky Mountain National Park,0.7,59,1,131,4.2,hike35,1,0,0,0,1,0,1,1,1,1,0,1
Lost Lake Trail,Indian Peaks Wilderness,3.6,853,2,122,4.3,hike36,0,1,0,1,0,0,0,0,1,1,0,1
Chasm Lake,Rocky Mountain National Park Wilderness,7.9,2584,2,80,4.7,hike37,0,1,0,0,0,0,1,0,1,0,0,1
Beaver Brook Trail,Windy Saddle Open Space Park,11.5,2586,3,96,4.2,hike38,0,1,0,1,0,1,0,1,1,1,0,1
Red Rocks Trading Post Trail,Red Rocks Park,1.5,388,1,130,3.9,hike39,1,0,0,1,1,0,0,0,0,0,0,1
The Crags Trail,Pike National Forest,4.9,952,2,113,4.6,hike40,0,1,0,1,1,1,0,0,0,1,0,1
Lake Gulch Trail,Castlewood Canyon State Park,1.7,225,1,88,4.1,hike41,1,0,0,1,1,0,1,1,1,1,0,1
Dakota Ridge and Red Rocks Trail Loop,South Dinosaur Park,5.9,1190,3,72,4.0,hike42,1,0,0,1,0,0,0,0,0,1,0,1
Spruce Mountain Trail,Pike National Forest,5.5,732,2,119,4.3,hike43,1,0,0,1,1,0,0,0,0,1,0,1
Mount Cutler Trail,North Cheyenne Park,1.8,499,1,123,4.2,hike44,0,1,0,1,1,0,0,0,0,1,0,1
Longs Peak Trail,Rocky Mountain National Park,13.6,4998,3,76,4.8,hike45,0,1,0,0,0,0,0,1,1,1,0,1
Butler Gulch Trail,Arapaho National Forest,4.8,1592,3,88,4.5,hike46,0,1,0,1,0,0,1,1,0,1,0,1
Silver Dollar Lake Trail,Arapaho National Forest,3.9,1151,2,93,4.5,hike47,0,1,0,1,0,0,1,0,1,1,0,1
Chief Mountain Trail,Arapaho National Forest,2.8,989,1,89,4.6,hike48,0,1,0,1,1,0,0,0,0,1,0,1
Crater Lake Trail,Maroon Bells Snowmass Wilderness,3.9,808,2,88,4.7,hike49,0,1,0,1,1,1,0,0,1,1,0,1
Green Mountain Loop,Boulder Mountain Park,6.0,2884,3,64,4.2,hike50,1,0,0,1,0,0,0,0,0,1,0,1
Chicago Lakes Trail,Echo Lake Park,8.7,1972,3,97,4.6,hike51,0,1,0,0,0,0,0,1,1,1,0,1
Lily Pad Lake Trail,White River National Forest,3.3,459,1,103,4.0,hike52,0,1,0,1,1,0,0,0,1,1,0,0
Rainbow Lakes Trail,Roosevelt National Forest,2.6,404,1,45,3.9,hike53,0,1,0,1,1,1,0,0,1,0,0,1
Devils Thumb Pass and King Lake Trail,Indian Peaks Wilderness,28.6,7085,2,17,4.8,hike54,1,0,0,1,0,1,0,1,1,1,0,1
Ice Lake Basin Trail,San Juan National Forest,6.1,2501,3,78,4.9,hike55,0,1,0,1,0,1,1,0,1,1,0,1
Goose Creek Trail,Lost Creek Wilderness,9.6,1656,2,35,4.5,hike56,0,1,0,1,0,0,0,0,0,1,0,1
"Mills Lake, Black Lake, Frozen Lake Trail",Rocky Mountain National Park,11.4,2678,2,73,4.7,hike57,0,1,0,0,0,0,1,1,1,1,0,1
Twin Sisters Peak Trail,Rocky Mountain National Park,7.4,2492,3,70,4.6,hike58,0,1,0,0,0,0,0,0,0,0,0,1
Mallory Cave,Boulder Mountain Park,2.7,858,2,65,3.8,hike59,0,1,0,1,1,0,0,0,0,1,0,1
Greyrock Trail,Gateway Mountain Park,7.4,2570,3,118,4.4,hike60,1,0,0,1,0,0,0,1,1,1,0,1
Coyote Song Trail Loop,South Valley Park,3.0,377,1,72,4.1,hike61,1,0,0,1,1,0,0,0,0,1,0,1
"Mounts Democrat, Cameron, Lincoln, and Bross Trail",Pike National Forest,7.6,3491,3,64,4.6,hike62,1,0,0,1,0,1,1,1,1,1,0,1
Mesa Trail,Boulder Mountain Park,6.9,1483,2,54,4.1,hike63,0,0,1,1,1,0,0,0,0,1,0,1
Parmalee Trail Loop,Mount Falcon Park,3.1,597,1,69,4.1,hike64,1,0,0,1,1,0,0,0,0,0,0,0
Catamount Falls Trail,Pike National Forest,5.8,1853,2,67,4.2,hike65,0,1,0,1,1,0,1,0,0,1,0,1
Fountain Valley Loop Trail,Roxborough State Park,2.2,272,1,74,4.2,hike66,1,0,0,0,1,0,0,0,0,1,0,1
Rattlesnake Gulch Trail,Eldorado Canyon State Park,3.5,1009,2,103,4.1,hike67,1,0,0,1,1,0,0,0,0,1,0,1
Rocks and Vistas Garden of the Gods Trail,Garden of the Gods,4.2,785,1,87,4.1,hike68,1,0,0,1,1,0,0,0,0,1,0,1
Meadowlark Plymouth Creek Loop Trail,Deer Creek Canyon Park,6.0,1446,2,76,4.1,hike69,1,0,0,1,0,0,1,0,0,0,0,1
The Loch Lake Trail,Rocky Mountain National Park,5.7,1120,2,84,4.5,hike70,0,1,0,0,0,0,1,0,1,1,0,1
Helen Hunt Falls Trail,North Cheyenne Park,0.1,30,1,86,3.6,hike71,0,1,0,1,1,0,1,0,0,1,0,1
Chimney Gulch Trail,Colorow Mountain Park,6.9,1758,3,69,3.8,hike72,0,1,0,1,0,0,0,0,0,1,0,1
Walker Ranch Loop Trail,Walker Ranch Park,7.5,1943,3,68,4.4,hike73,1,0,0,1,0,0,0,0,0,1,0,1
Stanley Canyon Trail,Pike National Forest,4.1,1474,3,94,3.9,hike74,0,1,0,1,0,0,0,0,0,1,0,1
Palmer Park Outer Loop Trail,Palmer Park,7.9,1080,2,73,4.1,hike75,1,0,0,1,1,0,0,0,0,1,0,1
Blue Lakes Trail,Uncompahgre National Forest,6.3,2491,2,45,4.9,hike76,0,1,0,1,0,1,1,1,1,1,0,1
Shrine Ridge Trail,White River National Forest,4.0,972,1,76,4.8,hike77,0,1,0,1,1,0,0,0,0,1,0,1
Torreys Peak Kelso Ridge Trail,Arapaho National Forest,7.6,3622,3,53,4.3,hike78,1,0,0,1,0,0,0,1,0,1,0,1
Devil's Backbone Nature Trail,Devil's Backbone Open Space,4.4,617,1,83,3.9,hike79,0,1,0,1,1,0,0,0,0,1,0,1
Castle Trail,Mount Falcon Park,9.1,2036,1,49,3.9,hike80,1,0,0,1,1,0,0,0,0,1,0,1
Waterton Canyon Trail,Chatfield State Park,12.4,1049,1,60,3.8,hike81,0,1,0,0,1,0,0,1,0,1,0,0
Spruce Creek Trail,Arapaho National Forest,6.2,1821,2,46,4.5,hike82,1,0,0,1,0,0,0,0,1,1,0,1
Grays Peak Trail,Arapaho National Forest,13.2,4500,3,64,4.7,hike83,0,1,0,1,0,0,0,1,0,0,0,1
Red Rocks Trail,Centennial Park,2.1,1002,1,34,4.1,hike84,1,0,0,1,1,0,0,0,0,1,0,1
Arthur's Rock Trail,Lory State Park,3.0,1163,2,84,4.2,hike85,0,1,0,1,0,0,0,0,0,1,0,1
Fern Lake Trail,Rocky Mountain National Park,7.3,1576,2,69,4.2,hike86,0,1,0,0,0,0,1,1,1,1,0,1
Belcher Hill Trail,White Ranch Open Space Park,11.9,2723,3,42,4.0,hike87,1,0,0,1,0,0,0,0,0,0,0,0
Hells Hole Trail,Arapaho National Forest,8.1,1960,2,46,4.3,hike88,0,1,0,1,0,0,0,1,0,1,0,1
Mountain Lion Trail,Golden Gate Canyon State Park,6.8,1687,2,59,4.5,hike89,1,0,0,1,0,0,0,1,0,1,0,1
Palmer Trail,Bear Creek Regional Park,5.2,2033,2,59,4.3,hike90,1,0,0,1,0,0,0,0,0,1,0,1
South Boulder Peak Trail,Boulder Mountain Park,7.8,3084,3,31,4.5,hike91,0,1,0,0,0,0,0,0,0,1,0,1
Mount Herman Trail,Pike National Forest,2.2,914,2,76,4.3,hike92,0,1,0,1,1,0,0,0,0,1,0,1
Palmer Lake Reservoir Trail,Pike National Forest,4.1,830,1,73,4.2,hike93,0,1,0,1,1,0,0,1,1,1,0,1
Raspberry Mountain Trail Via Ring the Peak Trail,Pike National Forest,4.6,1198,2,61,4.5,hike94,0,1,0,1,1,0,0,0,0,1,0,1
Lily Mountain Trail,Roosevelt National Forest,3.8,1465,2,67,4.1,hike95,0,1,0,1,0,0,0,0,0,1,0,1
Shelf Lake Trail,Pike National Forest,6.6,2155,2,43,4.3,hike96,0,1,0,0,0,0,0,0,1,1,0,1
Fish Creek Falls Trail,Routt National Forest,0.8,124,2,70,4.3,hike97,1,0,0,1,1,0,1,1,0,1,0,1
Deer Creek Canyon Trail,Deer Creek Canyon Park,9.8,2189,2,66,4.2,hike98,1,0,0,1,0,0,0,1,0,1,0,1
Blue Lake and Little Blue Lake Via Mitchell Lake Trail,Roosevelt National Forest,6.3,1529,2,65,4.8,hike99,0,1,0,1,1,0,1,1,1,1,0,1
Pikes Peak from the Crags Trail,Pike National Forest,12.8,4612,3,40,4.2,hike100,0,1,0,1,0,1,1,1,1,0,0,1
Heart Lake via Rogers Pass Trail,Arapaho National Forest,9.0,2887,2,23,4.5,hike101,0,1,0,1,0,1,1,1,1,1,0,1
Horsethief Falls Trail,Pike National Forest,2.6,589,2,66,4.1,hike102,0,1,0,1,1,0,1,1,0,0,0,1
Maroon Bells-Snowmass Wilderness Loop,Maroon Bells Snowmass Wilderness,25.2,8415,2,22,4.8,hike103,1,0,0,1,0,1,1,1,1,1,0,1
Conundrum Creek Trail to Conundrum Hot Springs,White River National Forest,20.2,4783,3,39,4.7,hike104,0,1,0,0,0,1,1,1,0,1,0,1
Lake Haiyaha,Rocky Mountain National Park,3.7,895,2,60,4.5,hike105,0,1,0,0,0,0,1,0,1,0,0,1
Bierstadt Lake Loop Trail,Rocky Mountain National Park,2.9,625,2,65,4.1,hike106,1,0,0,0,1,0,0,0,1,0,0,1
Ceran Saint. Vrain Trail,Roosevelt National Forest,3.6,466,1,48,4.5,hike107,0,1,0,1,1,1,0,1,0,1,0,1
North Table Mountain Park,"Golden, Colorado",13.4,1906,2,78,3.9,hike108,1,0,0,1,0,0,0,0,0,1,0,1
Chautauqua Trail,Boulder Mountain Park,1.2,450,1,41,3.9,hike109,0,1,0,0,1,0,0,0,0,1,0,1
Carpenter Peak Trail,Roxborough State Park,6.3,1130,2,61,4.1,hike110,0,1,0,0,0,0,0,0,0,1,0,1
Inner Canyon Loop Trail,Castlewood Canyon State Park,6.0,851,1,47,4.2,hike111,1,0,0,1,1,0,1,1,0,1,0,1
Mount Elbert South Trail Head,San Isabel National Forest,22.6,9615,3,27,4.6,hike112,0,1,0,1,0,1,0,1,0,1,0,1
Bear Peak Canyon Loop Trail,Bear Creek Park,8.1,2987,3,28,4.4,hike113,1,0,0,0,0,0,0,0,0,1,0,1
Loch Lomond,Arapaho National Forest,3.3,700,2,33,4.5,hike114,0,1,0,0,0,1,0,1,1,1,0,1
North Cheyenne Columbine Trail,North Cheyenne Park,6.8,1746,1,46,4.0,hike115,0,1,0,1,1,0,1,1,0,1,0,1
Timberline Falls Trail,Rocky Mountain National Park,9.7,2275,2,14,5.0,hike116,1,0,0,0,0,0,1,1,1,1,0,1
Elk Meadow,Elk Meadow Park,4.2,646,1,41,4.1,hike117,1,0,0,1,1,0,0,0,0,1,0,1
Flattop Mountain Trail,Rocky Mountain National Park,8.4,2880,3,55,4.5,hike118,0,1,0,0,0,0,0,0,0,0,0,1
Bergen Peak and Elk Meadows Trail,Madema Park,8.7,1843,3,32,4.0,hike119,1,0,0,1,0,0,0,0,0,1,0,1
Bridal Veil Falls Trail,Rocky Mountain National Park,6.1,1038,2,47,4.2,hike120,0,1,0,0,0,0,1,0,0,0,0,1
Deer Mountain Trail,Rocky Mountain National Park,5.9,1455,2,71,4.2,hike121,0,1,0,0,0,0,0,0,0,0,0,1
Grays Peak Trail,Arapaho National Forest,7.9,3675,1,56,4.3,hike122,1,0,0,1,1,0,0,1,0,1,0,1
Ute Valley Park Loop Trail,Ute Valley Park,3.5,433,2,51,4.1,hike123,1,0,0,1,1,0,0,1,0,1,0,1
Cascade Falls,Rocky Mountain National Park,7.4,758,1,48,4.3,hike124,0,1,0,0,1,0,1,1,0,1,0,0
Lair O' the Bear Trail,Lair o' the Bear Park,14.5,2528,2,39,4.2,hike125,0,1,0,1,0,0,0,0,0,1,0,1
Mount Falcon Park Upper Loop,Mount Falcon Park,4.1,624,2,28,4.1,hike126,1,0,0,1,1,0,0,0,0,1,0,1
Waldo Canyon Loop Trail [CLOSED],Cascade Chipita Park,6.9,1360,2,54,4.1,hike127,1,0,0,0,1,1,0,0,0,1,0,1
Brainard Lake Trail,Roosevelt National Forest,6.7,997,1,30,4.1,hike128,1,0,0,0,1,1,0,0,1,1,0,1
Buffalo Mountain Trail,White River National Forest,7.1,3247,3,38,4.5,hike129,0,1,0,1,0,0,0,0,0,0,0,1
Beaver Lake Trail,Holy Cross Wilderness,4.8,1378,2,63,4.0,hike130,0,1,0,1,1,0,0,0,1,1,0,1
Green Mountain West Trail,Boulder Mountain Park,2.7,772,2,30,4.4,hike131,0,1,0,1,0,0,0,0,0,1,0,1
Button Rock Preserve: Sleepy Lion Trail,Sunset Park,4.1,1378,2,60,3.9,hike132,1,0,0,1,1,0,0,1,1,1,0,1
Fowler Trail,Eldorado Canyon State Park,4.0,571,1,31,4.5,hike133,0,1,0,0,1,0,0,0,0,1,0,1
Arapahoe Pass and Lake Dorothy Trail,Roosevelt National Forest,7.9,2669,3,35,4.8,hike134,0,1,0,1,0,0,0,0,0,1,0,1
Bear Creek Lake Trail Loop,Bear Creek Lake Regional Park,9.6,759,1,22,3.3,hike135,1,0,0,1,0,1,0,1,1,0,0,0
Mount Galbraith Loop,Jefferson County Open Space,4.2,960,2,51,3.8,hike136,1,0,0,1,0,0,0,0,0,0,0,0
Rainbow Gulch,Pike National Forest,2.6,267,1,47,4.3,hike137,0,1,0,1,1,0,0,0,1,0,0,0
Mount Royal Trail,Walter Byron Memorial Park,3.2,1423,3,61,4.5,hike138,0,1,0,1,0,0,0,0,0,0,0,1
Horseshoe Trail to Frazer Meadow,Golden Gate Canyon State Park,4.0,984,2,26,4.3,hike139,0,1,0,1,1,1,0,0,0,1,0,0
Allenspark Trail to Calypso Cascades,Meeker Park,5.8,1432,2,49,4.4,hike140,0,1,0,0,0,0,1,1,0,0,0,1
Hessie Trail,Roosevelt National Forest,2.6,472,1,31,4.5,hike141,1,0,0,1,1,0,1,1,1,0,0,1
Pancake Rocks and Horsethief Falls Trail,Pike National Forest,6.9,1988,3,50,4.3,hike142,0,1,0,1,0,0,0,0,0,1,0,1
Missouri Lakes Trail,Holy Cross Wilderness,7.2,1652,2,40,4.8,hike143,0,1,0,1,0,1,1,1,1,1,0,1
Round Mountain Nature and Summit Trails,Viestenz Smith Mountain Park,10.5,3274,2,51,4.1,hike144,0,1,0,1,0,0,0,0,0,1,0,1
Black Lake Trail,Rocky Mountain National Park,9.4,2201,3,36,4.8,hike145,0,1,0,0,0,0,1,1,1,1,0,1
Panorama Point Trail,Golden Gate Canyon State Park,4.8,1114,2,19,4.2,hike146,1,0,0,0,1,0,0,0,0,1,0,1
Sprague Lake Trail,Rocky Mountain National Park,0.8,43,1,49,3.9,hike147,1,0,0,0,1,0,0,0,1,0,0,1
Mount Sherman Trail,Pike National Forest,4.8,2068,2,48,3.9,hike148,0,1,0,1,1,0,0,0,0,1,0,1
Maroon Peak Trail,Maroon Bells Snowmass Wilderness,11.3,6032,2,16,4.8,hike149,0,1,0,1,0,0,0,1,1,1,0,1
Devils Playground from the Crags,Pike National Forest,8.5,3118,2,39,4.5,hike150,0,1,0,1,0,0,0,0,0,0,0,0
Rawhide Wrangler Trail,White Ranch Open Space Park,4.6,915,2,31,4.3,hike151,1,0,0,1,1,0,0,0,0,1,0,1
Mount of the Holy Cross Trail,White River National Forest,12.5,6307,3,17,4.6,hike152,0,1,0,1,0,1,0,0,0,1,0,1
Eagles Peak Trail,Pike National Forest,3.6,2101,3,45,4.3,hike153,0,1,0,1,0,0,1,1,0,1,0,1
North Ten Mile Creek Trail,Arapaho National Forest,6.6,981,1,33,4.5,hike154,0,1,0,1,1,0,1,1,1,1,0,1
Glacier Gorge,Rocky Mountain National Park,2.8,483,2,12,4.6,hike155,0,1,0,0,0,1,1,1,1,1,0,1
Lookout Mountain Trail,Beverly Heights Park,8.0,1732,2,27,3.8,hike156,0,1,0,1,0,0,0,0,0,1,0,1
Susan G. Bretag Trail and Palmer Trail Loop,Garden of the Gods,2.5,415,2,34,4.1,hike157,1,0,0,1,1,0,0,0,0,1,0,1
South Table Mountain Trail,South Table Mountain Park,9.3,1259,1,37,3.9,hike158,1,0,0,0,1,0,0,0,0,1,0,1
Hogback Ridge Summit Trail,Red Rock Canyon Open Space,4.1,557,2,29,3.9,hike159,1,0,0,0,1,0,0,0,0,1,0,1
Betasso Preserve Trail,Betasso Preserve,3.3,571,2,50,3.9,hike160,1,0,0,1,1,0,0,0,1,1,0,1
Mount Rosa Trail,Pike National Forest,3.7,1323,2,14,4.9,hike161,0,1,0,1,1,0,0,0,0,1,0,1
Dawson Butte Ranch Open Space Trail,Pike National Forest,4.9,435,1,40,4.1,hike162,1,0,0,1,1,0,0,0,0,1,0,1
Independence Mountain Trail at Pence Park,Pence Park,1.8,764,2,36,4.3,hike163,0,1,0,1,0,0,0,0,0,1,0,1
South Rim Loop Trail,Roxborough State Park,2.8,530,1,40,4.2,hike164,1,0,0,0,1,0,0,0,0,1,0,1
Staunton Ranch and Overlook Trail,Staunton State Park,11.6,2225,1,41,4.0,hike165,1,0,0,1,1,0,1,1,1,1,0,1
Homestead and Mesa Loop Trail,Roosevelt National Forest,2.7,547,2,23,3.8,hike166,1,0,0,1,0,0,0,0,0,1,0,1
Odessa Lake Via Fern Lake Trail,Rocky Mountain National Park,8.5,2088,2,24,4.7,hike167,0,1,0,0,0,1,0,1,1,1,0,1
Pitkin Lake Trail,Eagles Nest Wilderness,8.5,2916,3,30,4.6,hike168,0,1,0,1,0,0,1,0,1,1,0,1
Raven's Roost and Oxen Draw Loop Trail,Reynolds Ranch County Park,2.2,689,2,29,4.2,hike169,1,0,0,1,1,0,0,0,0,1,0,1
Mount Morrison East Face Trail,Red Rocks Park,3.2,1973,3,37,4.2,hike170,0,1,0,1,0,0,0,0,0,1,0,1
Ptarmigan Lake Trail,Fossil Ridge Wilderness,6.0,1546,2,25,4.4,hike171,0,1,0,1,1,1,0,0,1,1,0,1
Flatirons Vista Trail,Roosevelt National Forest,3.5,297,1,33,3.5,hike172,1,0,0,1,1,0,0,0,0,1,0,1
Monarch Lake Loop Trail,Arapaho National Forest,4.1,546,2,47,4.3,hike173,1,0,0,1,0,0,1,1,1,1,0,1
Mayflower Gulch Grand Traverse,White River National Forest,6.2,1621,2,44,4.4,hike174,0,1,0,0,0,0,0,0,0,1,0,1
North Mount Elbert Trail,Mount Massive Wilderness,8.8,4463,3,43,4.7,hike175,0,1,0,1,0,1,0,0,0,1,0,1
Gore Creek Trail,Eagles Nest Wilderness,11.6,2586,2,25,4.8,hike176,0,1,0,1,0,0,1,1,0,1,0,1
Boulder Falls Trail,Platt Park,0.4,94,1,24,3.3,hike177,0,1,0,1,1,0,1,0,0,1,0,1
Jasper Lake Trail,Roosevelt National Forest,10.8,2070,2,20,4.6,hike178,0,1,0,1,0,0,0,1,1,1,0,1
Gregory Canyon Trail,Boulder Mountain Park,3.4,1458,3,24,4.0,hike179,1,0,0,1,0,0,0,0,0,1,0,1
Estes Cone Trail,Rocky Mountain National Park,6.2,1981,2,31,4.5,hike180,0,1,0,0,0,0,0,0,0,1,0,1
Bluffs Regional Park Trail,Bluffs Regional Park,2.8,410,1,57,4.1,hike181,1,0,0,1,1,0,0,0,0,0,0,1
Centennial Cone Trail,Jefferson County Open Space,13.3,2665,2,25,3.8,hike182,1,0,0,1,0,0,0,1,0,1,0,1
Blodgett Peak ,Pike National Forest,3.5,2385,2,53,3.8,hike183,0,1,0,0,0,0,0,0,0,0,0,0
Cub Lake Trail Loop,Rocky Mountain National Park,6.1,846,1,50,3.8,hike184,1,0,0,0,1,0,0,0,1,1,0,1
Mitchell Lake Trail,Roosevelt National Forest,1.9,254,1,35,4.5,hike185,0,1,0,1,1,0,0,1,1,1,0,1
Rabbit Mountain Loop Trail,Bohn Park,3.9,530,2,48,3.9,hike186,1,0,0,1,1,0,0,0,0,1,0,1
Mesa-Cortina Trail to South Willow Creek Falls,White River National Forest,8.7,1426,2,32,3.8,hike187,0,1,0,1,0,0,1,1,0,1,0,1
Abyss Trail,Pike National Forest,15.3,3473,2,25,4.3,hike188,0,1,0,1,0,1,0,0,1,1,0,0
Ute Trail,Ajax Park,5.5,3188,3,40,4.7,hike189,0,1,0,0,0,0,0,0,0,1,0,1
Bruin Bluff Trail Loop,Lair o' the Bear Park,1.6,291,1,54,3.5,hike190,1,0,0,1,1,0,0,1,0,1,0,1
Goat Mountain Trail,Chatfield State Park,6.9,2361,3,16,4.1,hike191,0,1,0,0,0,0,0,0,0,1,0,1
Burro Trail to Windy Peak,Golden Gate Canyon State Park,6.4,1837,3,27,4.4,hike192,1,0,0,1,0,0,0,0,0,0,0,1
Rainbow Hot Springs,San Juan National Forest,9.2,1843,2,19,4.4,hike193,0,1,0,1,0,1,1,1,0,1,0,1
Coyote Ridge Trail,"Fort Collins, Colorado",4.1,593,1,29,4.3,hike194,0,1,0,0,1,0,0,0,0,0,0,1
Red Rocks / Dakota Ridge Loop,South Dinosaur Park,7.1,1324,2,12,3.8,hike195,1,0,0,1,0,0,0,0,0,0,0,0
Bergen Peak Loop Trail,Elk Meadow Park,10.3,2431,2,23,4.2,hike196,1,0,0,1,0,0,0,0,0,1,0,1
Templeton Trail,Palmer Park,4.1,633,2,32,4.1,hike197,1,0,0,1,1,0,0,0,0,1,0,1
Raccoon Trail,Golden Gate Canyon State Park,3.3,830,2,23,4.1,hike198,1,0,0,1,0,1,0,0,0,1,0,1
Mount Spalding Trail,Arapaho National Forest,2.3,1142,3,12,4.6,hike199,0,1,0,1,0,0,0,0,1,1,0,1
Crystal Lake Trail,White River National Forest,8.5,2598,3,22,4.5,hike200,0,1,0,1,0,0,0,0,1,1,0,1
Shadow Canyon Trail to South Boulder Peak,"Boulder, Colorado",8.1,3143,3,21,4.3,hike201,1,0,0,1,0,0,0,0,0,1,0,1
Pikes Peak from Devils Playground,Pike National Forest,5.5,1410,2,7,4.4,hike202,0,1,0,1,0,0,0,0,0,0,0,0
Mount Morrison Trail,"Morrison, Colorado",3.2,1973,2,17,3.9,hike203,0,1,0,1,0,0,0,0,0,1,0,1
Fourth of July Mine Trail,Roosevelt National Forest,4.2,1135,2,10,5.0,hike204,0,1,0,0,0,0,0,0,0,1,0,1
Forgotten Valley,Golden Gate Canyon State Park,6.1,1691,1,12,4.4,hike205,0,1,0,0,1,0,0,1,0,1,0,1
Siamese Twins Loop Trail,Garden of the Gods,0.6,120,1,27,4.0,hike206,1,0,0,1,1,0,0,0,0,1,0,1
Tenderfoot Mountain,Dillon Reservoir Recreation Area,2.7,642,1,28,3.8,hike207,0,1,0,1,1,0,0,0,1,0,0,1
White Ranch Loop,"Golden, Colorado",4.6,1017,2,25,3.8,hike208,1,0,0,1,0,0,0,0,0,1,0,1
O'Fallon Park Upper Loop Trail,Ofallon Municipal Park,3.7,978,2,22,3.8,hike209,1,0,0,0,0,0,0,0,0,1,0,1
Bear Creek Trail,Uncompahgre Wilderness,4.5,1170,2,36,4.5,hike210,0,1,0,1,1,1,1,1,1,1,0,1
Rampart Reservoir Trail,Pike National Forest,13.7,1347,2,29,4.3,hike211,1,0,0,1,0,1,0,0,1,1,0,1
"Hall Ranch, Bitterbrush and Nelson Loop Trail ",Roosevelt National Forest,10.0,1602,2,32,4.0,hike212,1,0,0,0,1,0,0,0,0,1,0,1
Sugarloaf Mountain Trail,Roosevelt National Forest,1.4,453,2,24,4.5,hike213,0,1,0,1,1,0,0,0,0,1,0,1
Meyer Ranch Park Trail,Meyer Ranch Park,3.9,916,1,36,3.8,hike214,1,0,0,0,1,0,0,0,0,1,0,0
Flagstaff Road Trail,Boulder Mountain Park,3.9,1281,2,22,4.3,hike215,1,0,0,1,0,0,0,0,0,0,0,1
Spud Lake,San Juan National Forest,3.1,494,1,28,4.5,hike216,1,0,0,1,1,0,0,0,1,0,0,0
Blue Lakes Trail,"Breckenridge, Colorado",1.8,378,2,16,4.4,hike217,0,1,0,1,0,0,1,1,1,1,0,0
Animas Mountain Trail,San Juan National Forest,5.9,1570,2,28,4.4,hike218,1,0,0,1,0,0,0,0,0,0,0,1
Adams Falls Trail,Rocky Mountain National Park,0.8,136,1,42,4.0,hike219,1,0,0,0,1,0,1,1,0,0,0,1
Second Creek Trail,Arapaho National Forest,3.0,1115,2,41,4.5,hike220,0,1,0,1,0,0,0,1,0,1,0,1
Mayhem Gulch  Juniper Loop Trail,Fillius Park,4.5,1194,2,32,3.7,hike221,1,0,0,1,1,0,1,0,0,1,0,1
Cathedral Lake Trail,White River National Forest,5.6,2160,3,35,4.7,hike222,0,1,0,1,0,1,1,1,1,1,0,1
Grizzly Creek Trail,White River National Forest,7.9,1914,2,35,4.1,hike223,0,1,0,1,0,0,0,1,0,1,0,1
South Valley Park Trail,Deer Creek Canyon Park,2.1,240,1,25,3.9,hike224,1,0,0,1,1,0,0,0,1,1,0,0
Pawnee Pass Trail,Roosevelt National Forest,9.7,2102,3,24,4.9,hike225,0,1,0,0,0,0,1,0,1,1,0,1
Lily Lake,Rocky Mountain National Park,1.1,225,1,40,4.2,hike226,1,0,0,0,1,0,0,0,1,1,0,0
South Boulder Creek Trail,East Boulder Community Park,6.6,188,1,11,3.6,hike227,0,1,0,1,1,0,0,1,0,1,0,1
Golden Gate Canyon Loop,Golden Gate Canyon State Park,8.1,1870,2,7,4.1,hike228,1,0,0,0,0,1,0,0,0,1,0,1
South Park 600 to Square Top Lakes,Arapaho National Forest,4.3,1096,2,26,4.2,hike229,0,1,0,1,0,0,0,0,1,1,0,1
Red Rocks Trail,Pike National Forest,4.4,502,2,23,3.9,hike230,1,0,0,1,1,0,0,0,0,1,0,1
Mount Evans and Mount Spalding Loop Trail,Mount Evans Wilderness,3.6,1926,3,23,4.4,hike231,1,0,0,1,0,0,0,0,1,1,0,1
Arapaho Glacier Trail,Indian Peaks Wilderness,12.5,3656,2,10,4.4,hike232,0,1,0,1,0,0,0,0,0,1,0,1
Peaks Trail ,White River National Forest,15.5,1917,3,24,4.3,hike233,0,1,0,1,0,0,1,1,1,1,0,1
Watershed North Trail,Arapaho National Forest,5.7,1052,1,32,4.0,hike234,0,1,0,1,1,0,0,1,1,1,0,1
Legault Mountain Trail,Meyer Ranch Park,4.1,906,2,23,4.0,hike235,0,1,0,1,0,0,0,0,0,1,0,1
Waterdog Lakes Trail,San Isabel National Forest,3.0,1180,2,23,4.6,hike236,0,1,0,0,0,0,0,0,0,0,0,0
Newlin Creek Trail,San Isabel National Forest,5.8,1737,2,57,4.4,hike237,0,1,0,1,1,0,0,1,0,0,0,1
Judd Falls Trail,Gunnison National Forest,2.3,494,1,22,4.5,hike238,0,1,0,1,1,0,1,1,1,1,0,1
Mount Audubon Trail,Roosevelt National Forest,7.6,2712,3,26,4.3,hike239,0,1,0,1,0,0,0,0,1,1,0,1
Sandbeach Lake Trail,Rocky Mountain National Park,8.7,2138,2,21,4.6,hike240,0,1,0,0,0,1,0,0,1,1,0,1
William's Canyon Trail,Garden of the Gods,5.8,1468,2,23,3.7,hike241,0,1,0,1,1,0,1,1,0,0,0,1
Mount Massive Trail (via South East),Mt Massive Wilderness Area,12.9,4556,3,12,4.6,hike242,0,1,0,1,0,1,0,0,0,1,0,1
Alluvial Fan Trail,Rocky Mountain National Park,0.3,98,1,26,4.3,hike243,0,1,0,0,1,0,1,1,0,1,0,0
Red Rocks Trail,Winter Park,5.8,1047,1,19,3.5,hike244,1,0,0,1,1,0,0,0,0,0,0,0
Bluebird Lake Trail,Rocky Mountain National Park,16.0,3411,3,16,4.8,hike245,0,1,0,0,0,0,0,1,1,0,0,1
Columbine Lake Trail,Arapaho National Forest,7.3,1228,2,20,4.6,hike246,0,1,0,1,0,0,0,0,1,1,0,0
Forest Lakes Trail,James Peak Wilderness,6.8,1692,2,16,4.3,hike247,0,1,0,1,0,0,1,1,1,1,0,0
Zapata Falls Trail,Rio Grande National Forest,0.9,233,2,31,4.4,hike248,0,1,0,1,1,0,1,1,0,1,0,1
Hallett Peak,Rocky Mountain National Park,9.6,3282,3,22,4.8,hike249,0,1,0,0,0,0,0,0,1,1,0,1
Upper Piney River Falls Trail,Eagles Nest Wilderness,6.0,871,2,34,4.4,hike250,0,1,0,0,1,0,1,1,1,1,0,1
Timberline Lake Trail,San Isabel National Forest,4.3,890,1,23,4.3,hike251,0,1,0,1,1,0,1,1,1,1,0,1
Mount Muscoco Trail,North Cheyenne Park,3.0,1387,2,45,4.5,hike252,0,1,0,0,0,0,0,0,0,1,0,1
Bear Lake to Fern Lake Trailhead,Rocky Mountain National Park,8.3,1371,2,17,4.4,hike253,0,0,1,0,0,1,1,1,1,1,0,1
Stanley Mountain Trail,Arapaho National Forest,7.3,2008,2,13,4.7,hike254,0,1,0,1,0,0,0,0,0,1,0,1
Wheeler Lakes,Eagles Nest Wilderness,6.8,1656,3,18,4.1,hike255,0,1,0,1,0,0,0,1,1,1,0,1
Mount Evans Scenic Byway,"Idaho Springs, Colorado",27.1,7561,1,15,4.7,hike256,0,0,1,1,0,0,0,0,1,0,0,0
Silver Cascade Falls Trail,Pike National Forest,0.7,303,1,16,4.0,hike257,0,1,0,1,1,0,1,0,0,1,0,1
Boulder Lake,White River National Forest,8.3,1920,1,21,3.9,hike258,0,1,0,0,0,1,0,0,1,0,0,0
East Inlet Trail to Lone Pine Lake,Rocky Mountain National Park Wilderness,10.3,2044,2,28,4.5,hike259,0,1,0,0,0,1,1,1,1,1,0,1
Three Mile Creek Trail,Pike National Forest,3.0,589,2,25,4.6,hike260,0,1,0,1,0,0,0,0,0,1,0,1
Hunts Lake Trail ,San Isabel National Forest,4.0,1190,2,14,4.7,hike261,0,1,0,1,1,1,1,1,1,1,0,1
East Canyon Preservation Trail,Castlewood Canyon State Park,4.1,382,2,29,4.3,hike262,1,0,0,0,0,0,0,0,0,0,0,0
Lower Cataract Loop Trail,White River National Forest,2.4,256,1,20,4.5,hike263,1,0,0,1,1,0,1,0,1,1,0,0
Burro Trail,Kingdow Park,5.9,990,2,22,4.1,hike264,0,1,0,0,1,1,0,1,0,1,0,1
Hunter Valley Trail,Hunter Fryingpan Wilderness,5.3,1251,2,20,4.6,hike265,1,0,0,1,1,0,1,1,0,1,0,1
Mount Elbert South Trail,San Isabel National Forest,4.2,966,2,10,4.9,hike266,1,0,0,1,0,1,0,0,0,1,0,1
Mad Creek Trail,Routt National Forest,8.9,1609,2,29,4.5,hike267,0,1,0,1,1,0,0,0,0,0,0,0
Andrews Glacier Trail,Arapaho National Forest,8.6,2185,3,13,4.5,hike268,0,1,0,0,0,1,0,1,1,0,0,1
Sallie Barber Mine Trail,White River National Forest,2.8,439,1,19,3.9,hike269,0,1,0,1,1,0,0,0,0,1,0,1
The Chutes Trail,North Cheyenne Park,4.1,846,2,10,4.3,hike270,1,0,0,1,0,0,0,0,1,1,0,1
Mount Yale Summit Trail,Collegiate Peaks Wilderness,9.0,4056,3,29,4.4,hike271,0,1,0,0,0,1,0,1,0,1,0,1
Mount Ida Trail,Rocky Mountain National Park,9.3,2544,2,14,4.8,hike272,0,1,0,0,0,0,0,0,1,1,0,1
Snowshoe Hare Trail,"Golden, Colorado",3.1,702,3,12,4.3,hike273,1,0,0,1,0,0,0,0,1,0,0,0
Forsythe Canyon to Waterfall and Gross Reservoir,Roosevelt National Forest,2.2,420,1,24,4.3,hike274,0,1,0,1,1,1,1,0,1,1,0,1
Mount Sneffels Classic Route - Yankee Boy Basin,Uncompahgre National Forest,8.9,3741,3,21,4.4,hike275,0,1,0,1,0,1,1,1,1,1,0,1
West Ridge Trail from Loveland Pass,Arapaho National Forest,2.9,725,2,20,4.5,hike276,0,1,0,0,1,0,0,0,0,1,0,1
Staunton Ranch Loop,Staunton State Park,8.6,1544,2,22,4.4,hike277,1,0,0,1,0,0,1,0,1,0,0,1
Gold Camp Road,"Colorado Springs, Colorado",5.9,1202,3,14,4.3,hike278,0,1,0,0,0,0,0,0,0,1,0,1
Bighorn Creek Trail,White River National Forest,6.4,2321,2,25,4.0,hike279,0,1,0,1,0,1,0,1,0,1,0,1
Shadow Pines Loop Trail,Denver Mountain Park Site,4.0,465,1,35,4.0,hike280,1,0,0,1,1,0,0,0,0,1,0,1
Kroenke Lake Trail,Collegiate Peaks Wilderness,8.2,1799,2,10,4.5,hike281,0,1,0,1,0,0,0,1,1,1,0,1
Golden Gate State Park Loop Trail,Golden Gate Canyon State Park,12.2,2544,2,7,4.4,hike282,1,0,0,0,0,1,0,0,0,1,0,1
Mount Garfield,Riverbend Park,3.4,2080,3,37,4.6,hike283,0,1,0,0,0,0,0,0,0,0,0,1
Sloan Lake Park,Sloans Lake Park,2.7,15,1,31,3.8,hike284,1,0,0,0,1,0,0,0,0,0,0,0
Clear Creek Trail,"Wheat Ridge, Colorado",2.8,85,1,24,4.1,hike285,1,0,0,1,1,0,0,1,1,1,0,0
Lawn Lake Trail,Rocky Mountain National Park,13.3,2747,2,23,4.2,hike286,0,1,0,0,0,1,1,1,1,0,0,1
Bear Creek Trail,North Cheyenne Park,7.0,1492,3,11,3.8,hike287,0,1,0,0,0,0,0,0,0,1,0,0
Lionshead Rock Trail,White River National Forest,3.9,1691,2,25,4.2,hike288,0,1,0,1,0,0,0,0,0,0,0,1
Ptarmigan Trail,White River National Forest,4.0,1163,2,23,4.0,hike289,0,1,0,1,0,0,0,0,0,1,0,1
Bergen Peak Trail,Elk Meadow Park,9.4,2313,3,23,4.0,hike290,0,1,0,1,0,0,0,0,0,1,0,1
Ben Tyler Trail,Pike National Forest,11.1,3425,3,22,4.3,hike291,0,1,0,1,0,0,0,1,0,1,0,1
Echo Lake Trail,Echo Lake Park,1.3,76,1,21,3.7,hike292,1,0,0,1,1,0,0,0,1,0,0,1
Mt. Esther Trail,Pike National Forest,3.9,1420,3,19,4.2,hike293,0,1,0,0,0,0,0,1,0,1,0,1
Copeland Falls to Calypso Cascades,Rocky Mountain National Park,3.5,654,1,25,4.1,hike294,0,1,0,0,1,0,1,1,0,1,0,1
Bobolink Trail,East Boulder Community Park,3.0,36,1,16,4.3,hike295,1,0,0,1,1,0,0,1,1,1,0,1
Ouzel Lake Trail,Rocky Mountain National Park,9.7,1870,2,23,4.5,hike296,0,1,0,0,0,0,1,1,1,1,0,1
The Grottos Trail,White River National Forest,1.2,152,1,10,4.6,hike297,1,0,0,1,1,1,1,0,0,1,0,1
Dunes Trail from Pinyon Flats,Great Sand Dunes National Park,4.5,1107,3,23,4.4,hike298,1,0,0,1,0,1,1,1,0,0,0,1
Cherry Creek Reservoir Loop Trail,Cherry Creek State Park,8.9,361,1,26,3.7,hike299,1,0,0,0,1,0,0,0,1,1,0,1
Isabelle Glacier Trail,Roosevelt National Forest,10.8,1674,3,22,4.6,hike300,0,1,0,0,0,0,0,0,0,1,0,1
King Lake Trail,"Nederland, Colorado",6.2,2738,3,11,4.4,hike301,0,0,1,1,0,0,0,0,1,0,0,0
Ridgeline Open Space,Pike National Forest,9.3,1149,2,19,4.0,hike302,1,0,0,0,0,0,0,0,0,1,0,1
Paint Mines Trail,"Calhan, Colorado",3.6,398,1,46,4.1,hike303,1,0,0,0,1,0,0,0,0,1,0,1
Gross North Shore Trail,"Boulder, Colorado",1.7,254,1,11,4.1,hike304,0,1,0,1,1,0,0,0,1,0,0,0
HIdden Mesa Trail,"Franktown, Colorado",2.8,145,1,23,3.7,hike305,1,0,0,1,1,0,0,0,0,0,0,1
Lake Helene Trail,Rocky Mountain National Park Wilderness,6.1,1376,2,19,4.6,hike306,0,1,0,0,0,0,0,0,1,0,0,1
Meadow Creek Trail to Eccles Pass,White River National Forest,11.5,3288,2,14,4.8,hike307,0,1,0,1,0,0,0,0,0,1,0,1
Crosier Mountain Trail,Viestenz Smith Mountain Park,9.8,3394,2,29,4.4,hike308,0,1,0,0,0,0,0,0,0,1,0,1
West Maroon Trail,Maroon Bells Snowmass Wilderness,12.7,3530,3,17,4.6,hike309,0,1,0,0,0,1,0,0,1,1,0,1
Boreas Pass Road,White River National Forest,19.5,2332,1,14,4.5,hike310,0,1,0,0,0,0,0,0,0,0,0,1
Sniktau Mountain Trail,Arapaho National Forest,2.8,1672,3,27,4.3,hike311,0,1,0,0,0,0,0,0,0,1,0,1
Falcon Trail,Falcon Stadium,13.1,1574,2,17,4.2,hike312,1,0,0,0,0,0,0,0,0,0,0,1
Bob and Betty Lakes Trail,Roosevelt National Forest,5.6,2594,3,5,4.8,hike313,0,0,1,1,0,0,0,0,1,0,0,0
Emmaline Lake Trail,Roosevelt National Forest,13.0,2261,2,21,4.6,hike314,0,1,0,1,0,1,0,1,1,0,0,0
Thomas Lakes Trail,White River National Forest,13.5,4442,1,24,4.4,hike315,0,1,0,1,0,0,0,0,1,1,0,1
West Creek Falls,Rocky Mountain National Park,4.4,1468,2,14,3.8,hike316,0,1,0,0,0,0,1,1,0,1,0,0
Kruger Rock Trail,Roosevelt National Forest,3.7,1078,2,19,4.1,hike317,0,1,0,1,1,0,0,0,0,1,0,1
Gilpin Lake Trail,Routt National Forest,8.5,2111,2,19,4.7,hike318,0,1,0,1,0,0,0,0,1,1,0,1
Lake Constantine Trail,White River National Forest,7.3,2110,2,13,4.4,hike319,0,1,0,1,1,1,0,1,1,1,0,1
Upper Box Canyon Falls,Uncompahgre National Forest,0.4,301,2,29,4.3,hike320,0,1,0,0,1,0,0,0,0,0,0,0
Heil Valley Ranch Trail,"Boulder, Colorado",9.8,1312,2,15,4.1,hike321,1,0,0,0,0,0,0,0,0,0,0,1
Rattlesnake Arches Trail,Black Ridge Canyons Wilderness,14.1,3048,2,10,4.8,hike322,0,1,0,1,0,0,0,0,0,1,0,1
Hagerman Tunnel Trail,San Isabel National Forest,7.4,1039,2,12,4.7,hike323,0,1,0,1,0,0,1,0,1,0,0,1
Gore Range Trail,White River National Forest,41.7,10394,3,5,4.6,hike324,0,0,1,1,0,1,0,1,1,1,0,1
Fourmile Falls Trail,"Pagosa Springs, Colorado",5.5,1422,2,35,4.1,hike325,0,1,0,0,0,0,1,1,0,0,0,1
Kohler Mesa Trail,Boulder Mountain Park,4.1,991,2,6,4.0,hike326,1,0,0,1,0,0,0,0,0,0,0,0
Washington Gulch Trail,Gunnison National Forest,7.8,2258,2,8,4.5,hike327,0,1,0,1,0,1,0,0,0,1,0,1
Mount Princeton Trail,San Isabel National Forest,7.0,3400,3,20,4.0,hike328,0,1,0,0,0,1,0,0,0,0,0,1
Queens Canyon Trail [CLOSED],Ute Valley Park,3.0,1499,1,15,3.1,hike329,1,0,0,0,1,0,0,0,0,1,0,1
Clear Creek Trail,Lions Park,22.8,963,1,10,3.5,hike330,0,1,0,1,1,0,0,1,1,1,0,1
Sapphire Point Overlook Trail,Swan Mountain Recreation Area,0.6,48,1,16,3.7,hike331,1,0,0,1,1,0,0,0,0,0,0,1
Jess Weaver Trail,White River National Forest,5.4,1730,2,26,4.3,hike332,0,1,0,1,0,0,1,1,0,1,0,0
James Peak Trail,James Peak Wilderness,7.4,2934,3,16,4.5,hike333,0,1,0,1,0,0,0,0,1,1,0,1
Chatfield Dog Park,Chatfield State Park,1.7,33,1,12,4.9,hike334,1,0,0,1,1,0,0,0,1,0,0,0
Bison Peak Summit Trail,Pike National Forest,12.1,4339,3,11,4.5,hike335,0,1,0,1,0,0,0,0,0,0,0,1
Berrypicker Trail,White River National Forest,11.9,2300,3,43,4.0,hike336,0,1,0,1,0,0,0,0,0,1,0,1
Old Dillon Reservoir Trail,Dillon Reservoir Recreation Area,1.7,224,1,21,4.1,hike337,0,1,0,0,1,0,0,0,0,0,0,0
Rainbow Lake Trail,Walter Byron Memorial Park,2.1,240,2,29,3.7,hike338,0,1,0,0,1,0,0,0,1,1,0,1
Highline Canal Trail,DeKoevend Park,2.4,53,1,10,3.7,hike339,1,0,0,0,1,0,0,0,0,0,0,0
Burro Loop Trail,Golden Gate Canyon State Park,5.1,1363,2,13,4.2,hike340,1,0,0,0,1,0,0,0,0,1,0,1
Smuggler Mountain Trail,Ajax Park,14.5,3410,2,13,4.2,hike341,0,1,0,0,0,0,0,0,0,1,0,1
Blue Lake Trail,Roosevelt National Forest,6.1,1887,2,17,4.4,hike342,0,0,1,0,0,1,0,0,1,0,0,0
Piedra River Trail,San Juan National Forest,11.0,1473,1,12,4.7,hike343,0,0,1,0,1,0,0,1,0,0,0,0
Buckhorn Loop (Captain Jack's Frontside) Trail,North Cheyenne Park,7.0,1582,2,16,4.0,hike344,1,0,0,0,0,0,0,0,0,0,0,1
Nymph Lake Trail,Rocky Mountain National Park,1.0,245,1,21,3.7,hike345,0,1,0,0,1,0,0,0,1,0,0,0
Lakes of the Clouds,San Isabel National Forest,11.8,3090,2,11,4.7,hike346,0,1,0,0,0,0,0,1,1,1,0,1
Chief Ouray Mine Trail,Uncompahgre National Forest,4.4,2487,3,17,4.9,hike347,0,1,0,1,0,0,0,0,0,1,0,1
Tanglewood Trail,"Bailey, Colorado",10.2,3003,2,18,4.1,hike348,0,1,0,1,0,0,0,0,0,1,0,1
Harvard Lakes Trail,San Isabel National Forest,3.0,1221,2,9,4.0,hike349,0,1,0,1,1,0,0,0,1,1,0,1
Ouray Perimeter Trail,Uncompahgre Wilderness,4.9,1640,2,28,4.6,hike350,1,0,0,1,1,0,1,0,0,1,0,1
Hewlett Gulch Trail,Roosevelt National Forest,7.6,1397,2,39,3.9,hike351,0,1,0,1,0,0,0,1,0,1,0,1
Huron Peak Trail,San Isabel National Forest,7.1,3852,2,11,4.9,hike352,0,1,0,0,0,0,0,0,0,0,0,0
Mount Flora Trail,Arapaho National Forest,6.1,1845,2,19,4.7,hike353,0,1,0,1,0,0,0,0,0,1,0,1
North Fork of Crystal River Loop to Snowmass Lake,Maroon Bells Snowmass Wilderness,25.9,8223,3,7,5.0,hike354,1,0,0,0,0,1,0,1,0,1,0,1
Valley Loop Trail,"Masonville, Colorado",4.1,466,1,27,4.0,hike355,1,0,0,0,1,0,0,0,0,1,0,0
Cliff Palace Loop Trail,Mesa Verde National Park,0.4,117,1,20,4.7,hike356,1,0,0,0,1,0,0,0,0,1,0,1
Pikes Peak Highway: Cascade to the Summit of Pikes Peak,Hurricane Canyon Natural Area,17.4,6651,2,27,4.4,hike357,0,0,1,1,1,0,0,0,0,0,0,1
Heizer Trail,Pike National Forest,6.0,2603,3,21,4.0,hike358,0,1,0,0,0,0,0,0,0,1,0,1
Poudre River Trail,Cottonwood Hollow Natural Area,19.0,352,1,10,3.7,hike359,0,1,0,1,1,0,0,1,1,1,0,1
Browns Creek and Little Browns Creek Trail,San Isabel National Forest,16.2,4482,3,23,4.5,hike360,1,0,0,0,0,0,0,0,0,1,0,1
Red Mountain,Two Rivers Park,5.9,1509,2,14,4.3,hike361,0,1,0,1,0,0,0,0,0,0,0,1
Spring Creek Trail,Routt National Forest,9.7,1942,1,12,4.3,hike362,0,1,0,0,1,0,0,0,0,1,0,1
Bridal Veil Falls Via Lumpy Ridge Trails,Rocky Mountain National Park,12.9,3155,3,11,4.4,hike363,1,0,0,0,0,0,1,0,0,1,0,1
Lower Cascade Falls Trail,Uncompahgre National Forest,0.3,128,1,24,4.4,hike364,0,1,0,1,1,0,1,0,0,1,0,1
Meyers Homestead Trail,Walker Ranch Park,5.4,917,2,12,3.8,hike365,0,1,0,1,1,0,0,0,0,1,0,1
Devils Canyon Loop Trail,Colorado National Monument,6.7,904,2,9,4.4,hike366,1,0,0,1,0,0,0,0,0,1,0,1
Pick N Sledge Grubstake Loop Trail,Apex Open Space Park,5.3,1238,2,8,4.1,hike367,1,0,0,1,1,0,0,0,0,0,0,1
Jones Pass,Arapaho National Forest,3.4,917,1,10,4.6,hike368,0,1,0,0,1,0,0,0,0,0,0,0
Dome Rock Trail,Pike National Forest,11.2,1938,3,20,4.0,hike369,1,0,0,0,0,0,0,0,0,1,0,1
Long Lake Trail,Roosevelt National Forest,2.3,198,1,11,4.0,hike370,0,1,0,0,1,0,0,0,1,0,0,0
Belcher Hill,White Ranch Open Space Park,4.1,1107,2,6,4.5,hike371,1,0,0,0,0,0,0,0,0,0,0,1
Cherry Creek Trail,Gates Crescent Park,11.2,591,1,12,3.8,hike372,0,0,1,1,1,0,0,1,0,1,0,1
Rocky Mountain Arsenal National Wildlife Refuge Lakes Loop,Rocky Mountain Arsenal Nwr,3.3,85,1,29,3.6,hike373,1,0,0,0,1,0,0,0,1,1,0,1
Red Hill/Mushroom Rock trail,"Carbondale, Colorado",2.9,884,2,25,4.2,hike374,1,0,0,1,0,0,0,0,0,1,0,1
Fish Creek to Long Lake,Routt National Forest,11.7,2670,3,16,4.2,hike375,0,1,0,0,0,0,1,1,1,0,0,1
Jud Wiebe Memorial Trail,Town Park,3.1,1273,3,21,4.7,hike376,1,0,0,1,0,0,0,0,0,1,0,1
Tenderfoot Trail,Boulder Mountain Park,1.5,331,2,13,3.7,hike377,0,1,0,1,0,0,0,0,0,0,0,1
Willow Lakes Trail,Walter Byron Memorial Park,11.6,3065,2,8,4.3,hike378,0,1,0,1,0,0,1,1,1,1,0,1
Evergreen Lake Trail,Dedisse Park,1.4,62,1,14,3.4,hike379,1,0,0,1,1,0,0,0,1,0,0,0
Kineo Mountain and Mount Buckhorn Area Trails,Pike National Forest,14.4,4195,2,6,4.3,hike380,0,1,0,0,0,0,1,1,0,1,0,1
Meadow Creek Trail,Walter Byron Memorial Park,8.6,2330,2,18,4.2,hike381,0,1,0,1,0,0,0,0,0,0,0,1
Turquoise Lakes Trail,White River National Forest,12.7,3015,3,8,4.6,hike382,0,1,0,0,0,0,0,0,1,1,0,1
Blue Sky Trail,Horsetooth Mountain Park,16.1,2099,2,10,3.8,hike383,0,1,0,1,0,0,0,0,0,1,0,1
Handies Peak,Uncompahgre National Forest,5.3,2518,1,17,4.6,hike384,0,1,0,1,1,0,0,1,0,1,0,1
Serpents Trail,Colorado National Monument,3.8,849,2,32,4.1,hike385,0,1,0,0,1,0,0,0,0,1,0,1
Beartracks Lake Trail,Mount Evans Wilderness,10.1,2673,2,19,3.1,hike386,1,0,0,1,1,1,0,0,1,1,0,1
Mount Harvard Trail,Collegiate Peaks Wilderness,12.6,4613,3,4,4.8,hike387,0,1,0,1,0,1,0,1,1,1,0,1
Bald Mountain Trail,White River National Forest,8.2,2357,2,10,4.3,hike388,0,1,0,0,0,0,0,0,0,0,0,0
Bear Peak via Shanahan Ridge,"Boulder, Colorado",4.9,2732,3,15,4.9,hike389,0,1,0,1,0,0,0,0,0,1,0,1
Vallecito Creek Trail,San Juan National Forest,11.8,2061,2,18,4.6,hike390,0,1,0,0,0,0,0,0,0,0,0,0
Pinewood Lake Trail,"Loveland, Colorado",5.5,768,1,13,4.1,hike391,1,0,0,1,1,1,0,0,1,0,0,1
Night Bird Trail,"Golden, Colorado",5.0,1254,2,8,3.6,hike392,1,0,0,0,0,0,0,0,0,1,0,1
Meyers Ranch,Meyer Ranch Park,1.8,312,1,9,4.0,hike393,1,0,0,1,1,0,0,0,0,0,0,0
Highland Mary Lake Trail,San Juan National Forest,5.1,1510,2,8,4.4,hike394,0,1,0,1,1,1,1,1,1,1,0,0
Fox Run Park- Fallen Timbers Trail,Fox Run Regional Park,2.3,295,1,25,3.6,hike395,1,0,0,1,1,0,0,0,0,1,0,1
Lost Man Trail,Hunter Fryingpan Wilderness,9.6,2614,3,8,4.9,hike396,0,1,0,1,0,0,0,1,1,1,0,1
Ampitheatre Trail,Chautauqua Park,2.9,1563,2,11,3.7,hike397,0,1,0,1,0,0,0,0,0,1,0,1
Lyons Overlook Trail,Roxborough State Park,1.4,172,1,7,4.3,hike398,1,0,0,0,1,0,0,0,0,1,0,1
High Dune Trail,Great Sand Dunes National Park,2.5,633,3,21,4.5,hike399,1,0,0,0,0,1,0,1,0,1,0,1
Doudy Draw Trail,Roosevelt National Forest,5.1,618,1,19,3.3,hike400,1,0,0,1,1,0,0,1,0,1,0,1
Trail 401,Gothic Natural Area,16.3,3443,2,8,4.8,hike401,1,0,0,1,0,1,1,1,1,1,0,1
Paul Intemann Nature Trail,Garden of the Gods,1.9,421,1,13,3.8,hike402,0,1,0,0,1,0,0,0,0,1,0,1
Imogene Pass,Uncompahgre National Forest,17.5,4929,2,12,4.8,hike403,0,0,1,1,1,0,0,0,0,1,0,1
Lake Agnes Trail,State Forest State Park,1.4,401,2,13,4.4,hike404,0,1,0,1,1,0,0,0,1,1,0,1
Indian Creek and Steven's Gulch Loop Trail,Pike National Forest,19.7,4316,3,18,3.6,hike405,1,0,0,1,0,1,0,0,0,1,0,1
Lost Lakes - Devils Causeway,Routt National Forest,10.1,1918,2,13,4.6,hike406,1,0,0,0,0,0,0,0,1,0,0,1
Strawberry Park Hot Springs,Routt National Forest,5.7,1259,2,13,4.3,hike407,0,1,0,0,1,0,0,0,0,0,0,0
Yankee Boy Basin Road,Uncompahgre National Forest,9.3,4729,2,18,4.6,hike408,0,0,1,1,1,0,1,1,1,1,0,1
McNeil Trail,Pike National Forest,5.9,2501,2,8,4.3,hike409,0,1,0,1,0,0,0,0,0,1,0,1
Notch Mountain,Holy Cross Wilderness,9.6,2952,3,6,5.0,hike410,0,1,0,1,0,0,0,0,0,1,0,1
Lovell Gulch Trail,Pike National Forest,4.9,959,2,25,3.2,hike411,1,0,0,1,0,1,0,1,0,1,0,1
Coyote and Squirrel Loop Trails,Rifle Falls State Park,2.1,263,1,19,4.2,hike412,1,0,0,1,1,1,1,1,0,0,0,1
Devil's Backbone Trail - Extended Route,Devil's Backbone Open Space,6.1,819,1,13,4.1,hike413,1,0,0,1,1,0,0,0,0,1,0,1
Chasm Falls Trail via Old Fall River Road,Rocky Mountain National Park,2.5,538,2,8,3.8,hike414,0,1,0,0,1,0,1,0,0,1,0,1
Santa Fe Regional Trail,Discovery Park,17.0,1438,1,14,3.7,hike415,0,0,1,1,1,0,0,0,1,1,0,1
Red Rocks of Woodland Park,Pike National Forest,0.8,127,1,12,4.2,hike416,1,0,0,1,1,0,0,0,0,0,0,0
East Maroon Trail,"Aspen, Colorado",10.1,3350,3,8,5.0,hike417,0,0,1,0,0,0,0,0,0,0,0,1
Cascade Creek Trail,Arapaho National Forest,8.6,1299,3,7,4.7,hike418,0,1,0,0,0,0,0,0,1,1,0,1
Bible Park Trails,Bible Park,1.7,49,1,17,3.9,hike419,1,0,0,1,1,0,0,0,0,0,0,0
Shanahan Ridge Trail,Boulder Mountain Park,3.8,869,1,13,4.4,hike420,1,0,0,1,1,0,0,0,0,0,0,0
Brookside-McCurdy Trail,Pike National Forest,7.4,1489,3,15,4.2,hike421,0,1,0,1,0,0,0,0,0,0,0,1
Rabbit Ears Pass,Routt National Forest,5.0,1051,2,6,4.7,hike422,0,1,0,0,0,0,0,0,0,0,0,0
Fancy Pass Trail,White River National Forest,5.3,2574,2,8,4.8,hike423,0,1,0,1,0,1,0,0,1,1,0,1
Lake Estes Trail,Estes Park Goif Course,3.8,251,1,12,3.8,hike424,1,0,0,1,1,0,0,1,1,1,0,1
Cross Creek Trail,Holy Cross Wilderness,25.5,4840,2,11,4.5,hike425,0,1,0,1,1,1,0,1,1,1,0,1
No Thoroughfare Canyon,Colorado National Monument,6.4,1189,2,11,4.5,hike426,0,1,0,0,0,0,1,1,0,1,0,1
Shadow Mountain Trail,Arapaho National Forest,9.7,1862,2,12,3.9,hike427,0,1,0,0,1,1,0,0,1,1,0,1
Overlook Trail,White River National Forest,5.1,2301,2,8,4.3,hike428,0,1,0,0,1,0,0,0,0,0,0,1
Garden of the Gods Loop Trail,Garden of the Gods,3.7,561,1,22,4.3,hike429,1,0,0,1,1,0,0,0,0,1,0,1
Wheeler Lake,Pike National Forest,5.9,1280,3,11,4.5,hike430,0,1,0,0,0,0,0,0,1,0,0,0
Anne U. White Trail [CLOSED],Roosevelt National Forest,3.2,519,1,9,3.9,hike431,0,1,0,1,1,0,1,1,0,1,0,0
M. Walter Pesman Trail,Echo Lake Park,2.9,874,2,9,4.6,hike432,1,0,0,1,1,0,0,0,0,1,0,0
Petroglyph Point Trail,Mesa Verde National Park,2.7,583,2,23,4.5,hike433,1,0,0,0,1,0,0,0,0,1,0,1
Crag Crest Trail,Grand Mesa National Forest,9.6,1885,2,22,4.7,hike434,1,0,0,1,0,0,0,0,0,1,0,1
Doc Holiday Grave Trail,"Glenwood Springs, Colorado",0.8,228,2,26,4.2,hike435,0,1,0,1,0,0,0,0,0,1,0,1
Mount Elbert East Ridge Trail,"Twin Lakes, Colorado",11.7,4847,3,7,4.6,hike436,0,1,0,0,0,0,0,0,0,1,0,1
Fountain Creek Nature Trail,Fountain Creek Regional Park,1.7,53,1,25,4.0,hike437,1,0,0,0,1,0,0,0,0,1,0,1
Jim Creek Trail,Arapaho National Forest,6.6,1255,2,28,4.0,hike438,0,1,0,0,0,0,0,0,0,1,0,1
Deluge Lake Trail,White River National Forest,9.0,3621,3,14,4.4,hike439,0,1,0,1,0,0,0,0,1,1,0,1
Mount Chiquita,Rocky Mountain National Park,5.1,2147,2,5,5.0,hike440,0,1,0,0,0,0,0,0,0,0,0,1
Storm King Mountain Memorial Trail,White River National Forest,2.9,1511,3,22,4.6,hike441,1,0,0,1,0,0,0,1,0,1,0,1
Thunder Lake Trail,Rocky Mountain National Park,11.5,2312,3,8,4.4,hike442,0,1,0,0,0,1,1,1,1,1,0,1
Finch Lake Trail,Rocky Mountain National Park,11.2,2448,2,9,4.3,hike443,0,1,0,0,0,0,0,1,1,1,0,1
Sentinel Point Trail,Pike National Forest,6.1,2752,3,13,3.9,hike444,1,0,0,0,0,0,0,0,0,1,0,1
American Lake Trail,White River National Forest,5.9,2027,3,19,4.5,hike445,0,1,0,0,0,0,0,0,1,0,0,0
