hike_name,area_of_co,round_trip_length,start_elevation,end_elevation,net_elevation_gain,skill_level,dogs_allowed,hike_url,drive_time_from_denver,waterfall,lake,river,summit,family_friendly,wildlife,wildflowers,fall_foliage,campsite,crowded
American Lake,Aspen-Snowmass,6.2,9415,11365,1950,3,1,http://www.protrails.com/trail/729/aspen-snowmass-american-lake,226.583333333,0,1,0,0,1,1,0,1,1,0
Capitol Lake,Aspen-Snowmass,13.2,9468,11597,2129,4,1,http://www.protrails.com/trail/795/aspen-snowmass-capitol-lake,219.316666667,0,1,0,0,0,0,0,1,1,0
Cathedral Lake,Aspen-Snowmass,5.6,9880,11866,1986,4,1,http://www.protrails.com/trail/727/aspen-snowmass-cathedral-lake,233.083333333,0,1,0,0,0,0,0,0,0,0
Electric Pass,Aspen-Snowmass,9.3,9880,13485,3605,5,1,http://www.protrails.com/trail/736/aspen-snowmass-electric-pass,233.083333333,0,1,0,0,0,0,1,0,0,0
Conundrum Hot Springs,Aspen-Snowmass,17.0,8765,11222,2457,3,0,http://www.protrails.com/trail/742/aspen-snowmass-conundrum-hot-springs,221.233333333,0,0,0,0,0,1,0,0,1,1
Triangle Pass,Aspen-Snowmass,21.0,8765,12919,4154,5,0,http://www.protrails.com/trail/743/aspen-snowmass-triangle-pass,221.233333333,0,0,0,0,0,0,0,0,1,1
Difficult Creek Trail,Aspen-Snowmass,6.0,8145,9517,1363,3,1,http://www.protrails.com/trail/785/aspen-snowmass-difficult-creek-trail,184.2,0,0,1,0,0,1,0,1,1,0
Copper Lake Loop,Aspen-Snowmass,23.35,8755,8765,4164,4,0,http://www.protrails.com/trail/817/aspen-snowmass-copper-lake-loop,221.783333333,0,1,0,0,0,0,0,0,1,0
East Maroon Pass,Aspen-Snowmass,19.4,8755,11824,3069,3,1,http://www.protrails.com/trail/752/aspen-snowmass-east-maroon-pass,221.783333333,0,0,0,0,0,0,0,1,0,0
East Snowmass Trail,Aspen-Snowmass,14.1,8422,12684,4262,5,1,http://www.protrails.com/trail/798/aspen-snowmass-east-snowmass-trail,218.116666667,0,1,0,0,0,0,0,0,0,1
Fryingpan Lakes,Aspen-Snowmass,9.1,10012,11032,1020,3,1,http://www.protrails.com/trail/800/aspen-snowmass-fryingpan-lakes,276.433333333,0,1,1,0,1,1,0,0,0,0
Granite Lakes,Aspen-Snowmass,13.4,8815,11568,2753,4,1,http://www.protrails.com/trail/811/aspen-snowmass-granite-lakes,246.016666667,1,1,1,0,0,0,0,1,1,0
Hay Park Trail,Aspen-Snowmass,14.9,8482,9370,888,3,1,http://www.protrails.com/trail/783/aspen-snowmass-hay-park-trail,210.45,0,0,0,0,0,1,0,1,0,0
Williams Lake,Aspen-Snowmass,3.8,10010,10815,805,3,1,http://www.protrails.com/trail/793/aspen-snowmass-williams-lake,210.45,0,1,1,0,1,0,0,1,1,1
Hunter Valley Trail,Aspen-Snowmass,8.9,7905,8972,1067,3,1,http://www.protrails.com/trail/782/aspen-snowmass-hunter-valley-trail,214.5,0,0,0,0,0,0,0,0,0,0
Deadman Lake,Aspen-Snowmass,13.6,11506,10965,541,4,1,http://www.protrails.com/trail/738/aspen-snowmass-deadman-lake,157.95,0,1,1,0,0,1,0,0,0,0
Independence Lake and Lost Man Lake,Aspen-Snowmass,5.5,11506,12482,976,4,1,http://www.protrails.com/trail/737/aspen-snowmass-independence-lake-and-lost-man-lake,157.95,0,1,0,1,0,0,0,0,1,0
Linkins Lake,Aspen-Snowmass,1.2,11506,12008,502,2,1,http://www.protrails.com/trail/804/aspen-snowmass-linkins-lake,157.95,0,1,0,0,1,0,0,0,0,0
La Plata Peak,Aspen-Snowmass,8.6,10170,14361,4191,5,1,http://www.protrails.com/trail/818/aspen-snowmass-la-plata-peak,143.9,0,0,0,1,0,0,0,0,0,0
Grizzly Lake,Aspen-Snowmass,7.3,10610,12523,1913,3,1,http://www.protrails.com/trail/805/aspen-snowmass-grizzly-lake,196.6,0,1,0,0,0,0,1,0,0,0
New York Creek Trail,Aspen-Snowmass,8.2,10095,12273,2178,4,1,http://www.protrails.com/trail/797/aspen-snowmass-new-york-creek-trail,183.85,0,0,0,0,0,0,0,0,0,0
Tabor Pass,Aspen-Snowmass,7.9,10285,12462,2177,3,1,http://www.protrails.com/trail/803/aspen-snowmass-tabor-pass,187.65,0,0,0,0,0,0,0,0,0,0
Lost Man Loop,Aspen-Snowmass,8.9,10545,11506,961,4,0,http://www.protrails.com/trail/799/aspen-snowmass-lost-man-loop,164.0,0,1,1,0,0,0,0,0,1,0
Midway Pass,Aspen-Snowmass,8.0,10545,11841,1296,3,1,http://www.protrails.com/trail/796/aspen-snowmass-midway-pass,164.0,0,0,0,1,0,0,0,0,0,0
4 Pass Loop,Aspen-Snowmass,26.8,9580,12465,2885,5,1,http://www.protrails.com/trail/744/aspen-snowmass-4-pass-loop,227.916666667,1,1,0,0,0,0,0,1,1,0
Aspen to Crested Butte,Aspen-Snowmass,10.45,9580,10448,868,4,1,http://www.protrails.com/trail/802/aspen-snowmass-aspen-to-crested-butte,227.916666667,0,0,1,0,0,0,1,0,1,1
Buckskin Pass,Aspen-Snowmass,9.2,9580,12462,2882,4,1,http://www.protrails.com/trail/731/aspen-snowmass-buckskin-pass,227.916666667,0,0,0,0,0,0,0,0,0,0
Crater Lake,Aspen-Snowmass,3.6,9580,10076,496,2,1,http://www.protrails.com/trail/728/aspen-snowmass-crater-lake,227.916666667,0,1,1,0,1,0,1,0,0,0
Snowmass Lake,Aspen-Snowmass,17.0,9580,10980,1400,5,1,http://www.protrails.com/trail/730/aspen-snowmass-snowmass-lake,227.916666667,0,1,0,0,0,0,0,0,0,1
West Maroon Pass,Aspen-Snowmass,12.9,9580,12465,2885,4,1,http://www.protrails.com/trail/732/aspen-snowmass-west-maroon-pass,227.916666667,0,0,0,0,0,1,0,0,1,1
Willow Lake,Aspen-Snowmass,12.4,9580,11795,2215,5,1,http://www.protrails.com/trail/726/aspen-snowmass-willow-lake,227.916666667,0,1,0,0,0,1,0,0,0,1
Haystack Mountain,Aspen-Snowmass,12.9,8408,12206,3798,5,1,http://www.protrails.com/trail/801/aspen-snowmass-haystack-mountain,219.4,0,0,0,1,0,1,1,1,0,0
Pierre Lakes,Aspen-Snowmass,16.4,8408,12174,3766,5,1,http://www.protrails.com/trail/807/aspen-snowmass-pierre-lakes,219.4,1,1,0,0,0,0,0,1,0,0
Blue Lake (Aspen-Snowmass),Aspen-Snowmass,4.4,10758,12435,1677,3,1,http://www.protrails.com/trail/812/aspen-snowmass-blue-lake,148.316666667,0,1,0,0,0,0,0,0,0,1
North Fork Trail,Aspen-Snowmass,8.1,10795,12438,1643,3,1,http://www.protrails.com/trail/813/aspen-snowmass-north-fork-trail,148.316666667,0,0,1,0,0,1,0,0,0,1
Viewline Trail to Skyline Ridge Trail,Aspen-Snowmass,8.1,7905,8514,609,3,0,http://www.protrails.com/trail/786/aspen-snowmass-viewline-trail-to-skyline-ridge-trail,206.033333333,0,0,0,0,1,1,0,0,0,0
Rim Trail,Aspen-Snowmass,7.9,8615,8545,-70,3,1,http://www.protrails.com/trail/781/aspen-snowmass-rim-trail,211.7,0,0,0,0,0,0,0,0,0,0
Sunnyside - Shadyside Loop,Aspen-Snowmass,11.2,7845,10061,2216,3,1,http://www.protrails.com/trail/784/aspen-snowmass-sunnyside-shadyside-loop,208.916666667,0,0,0,1,0,0,0,0,0,0
Thomas Lakes,Aspen-Snowmass,7.6,8665,10248,1583,3,1,http://www.protrails.com/trail/790/aspen-snowmass-thomas-lakes,209.866666667,0,1,1,1,0,0,0,0,1,0
Weller Lake,Aspen-Snowmass,0.9,9363,9555,192,2,1,http://www.protrails.com/trail/820/aspen-snowmass-weller-lake,175.066666667,0,1,1,0,1,0,0,1,0,0
Hope Pass,Aspen-Snowmass,9.0,9305,12508,3203,4,1,http://www.protrails.com/trail/814/aspen-snowmass-hope-pass,134.116666667,0,0,0,0,0,0,0,0,0,0
Willis Lake,Aspen-Snowmass,10.3,9305,11742,2437,4,1,http://www.protrails.com/trail/815/aspen-snowmass-willis-lake,134.116666667,0,1,0,0,0,0,0,0,0,0
Woody Creek Trail,Aspen-Snowmass,18.4,8785,10443,1658,5,1,http://www.protrails.com/trail/806/aspen-snowmass-woody-creek-trail,227.6,0,0,0,0,0,1,0,0,0,0
Anne U White Trail,boulder-denver-golden-fort-collins-lyons,3.2,6040,6530,490,1,1,http://www.protrails.com/trail/42/boulder-denver-golden-fort-collins-lyons-anne-u-white-trail,49.35,0,0,0,0,1,0,1,1,0,0
Gazebo Boardwalk Trail,boulder-denver-golden-fort-collins-lyons,3.1,5130,5130,0,1,0,http://www.protrails.com/trail/195/boulder-denver-golden-fort-collins-lyons-gazebo-boardwalk-trail,34.4,0,0,0,0,0,1,0,0,0,0
Lake Perimeter Trail,boulder-denver-golden-fort-collins-lyons,8.9,5130,5130,18,1,1,http://www.protrails.com/trail/407/boulder-denver-golden-fort-collins-lyons-lake-perimeter-trail,34.4,0,1,1,0,1,1,0,0,0,0
Niedrach Nature Loop,boulder-denver-golden-fort-collins-lyons,0.6,5130,5130,0,1,0,http://www.protrails.com/trail/196/boulder-denver-golden-fort-collins-lyons-niedrach-nature-loop,34.4,0,1,0,0,0,1,0,0,0,0
Boulder Falls,boulder-denver-golden-fort-collins-lyons,0.3,6965,7045,80,1,1,http://www.protrails.com/trail/460/boulder-denver-golden-fort-collins-lyons-boulder-falls,52.0833333333,0,0,0,0,0,0,0,1,0,0
Boulder Reservoir Loop,boulder-denver-golden-fort-collins-lyons,5.25,5260,5260,123,1,1,http://www.protrails.com/trail/337/boulder-denver-golden-fort-collins-lyons-boulder-reservoir-loop,40.45,0,0,0,0,0,0,0,0,0,0
Coot Lake,boulder-denver-golden-fort-collins-lyons,1.2,5204,5204,31,1,1,http://www.protrails.com/trail/339/boulder-denver-golden-fort-collins-lyons-coot-lake,41.45,0,1,0,0,1,1,0,0,0,0
Eagle - Sage Lollipop Loop,boulder-denver-golden-fort-collins-lyons,3.75,5260,5260,123,1,1,http://www.protrails.com/trail/338/boulder-denver-golden-fort-collins-lyons-eagle-sage-lollipop-loop,42.0166666667,0,0,0,0,0,0,0,0,0,0
Ralph Price Reservoir,boulder-denver-golden-fort-collins-lyons,3.8,6020,6430,410,2,1,http://www.protrails.com/trail/209/boulder-denver-golden-fort-collins-lyons-ralph-price-reservoir,71.2833333333,0,0,0,0,1,1,0,0,0,0
Sleepy Lion Trail - Button Rock Dam Loop,boulder-denver-golden-fort-collins-lyons,4.7,6020,6625,605,3,1,http://www.protrails.com/trail/121/boulder-denver-golden-fort-collins-lyons-sleepy-lion-trail-button-rock-dam-loop,71.2833333333,0,0,0,1,1,1,0,0,0,0
Ceran St Vrain Trail,boulder-denver-golden-fort-collins-lyons,3.85,8365,8105,-260,2,1,http://www.protrails.com/trail/74/boulder-denver-golden-fort-collins-lyons-ceran-st-vrain-trail,74.7,0,0,1,1,0,0,0,1,1,0
Bear Peak via The Mesa Trail and Bear Canyon,boulder-denver-golden-fort-collins-lyons,12.95,5710,8461,2751,4,1,http://www.protrails.com/trail/78/boulder-denver-golden-fort-collins-lyons-bear-peak-via-the-mesa-trail-and-bear-canyon,37.3333333333,0,0,0,1,0,0,0,0,0,0
Fern Canyon Trail to Bear Peak,boulder-denver-golden-fort-collins-lyons,8.3,5710,8461,2751,5,1,http://www.protrails.com/trail/701/boulder-denver-golden-fort-collins-lyons-fern-canyon-trail-to-bear-peak,37.3333333333,0,0,0,1,0,1,0,0,0,0
Flatiron #1,boulder-denver-golden-fort-collins-lyons,2.9,5710,7132,1422,4,1,http://www.protrails.com/trail/138/boulder-denver-golden-fort-collins-lyons-flatiron-1,37.3333333333,0,0,0,0,0,0,0,0,0,0
Flatiron Loop Trail,boulder-denver-golden-fort-collins-lyons,2.1,5710,5710,655,1,1,http://www.protrails.com/trail/359/boulder-denver-golden-fort-collins-lyons-flatiron-loop-trail,37.3333333333,0,0,0,0,0,0,0,0,0,0
Green Mountain Loop,boulder-denver-golden-fort-collins-lyons,9.75,5710,8144,2434,4,1,http://www.protrails.com/trail/415/boulder-denver-golden-fort-collins-lyons-green-mountain-loop,37.3333333333,0,0,0,1,0,0,1,0,0,0
Mallory Cave (Boulder - Chautauqua Park Trailhead),boulder-denver-golden-fort-collins-lyons,5.4,5710,6825,1115,3,1,http://www.protrails.com/trail/303/boulder-denver-golden-fort-collins-lyons-mallory-cave,37.3333333333,0,0,0,0,0,0,0,0,0,0
McClintock - Enchanted Mesa Loop,boulder-denver-golden-fort-collins-lyons,2.05,5748,5748,394,1,0,http://www.protrails.com/trail/153/boulder-denver-golden-fort-collins-lyons-mcclintock-enchanted-mesa-loop,36.9333333333,0,0,0,0,1,0,0,0,0,0
Royal Arch,boulder-denver-golden-fort-collins-lyons,3.2,5710,6915,1205,4,1,http://www.protrails.com/trail/69/boulder-denver-golden-fort-collins-lyons-royal-arch,37.3333333333,0,0,0,0,0,0,0,0,0,0
The Mesa Trail,boulder-denver-golden-fort-collins-lyons,13.4,5710,5645,-65,4,1,http://www.protrails.com/trail/22/boulder-denver-golden-fort-collins-lyons-the-mesa-trail,37.3333333333,0,0,0,0,0,1,0,0,0,0
Doudy Draw - Spring Brook Loop Trail,boulder-denver-golden-fort-collins-lyons,5.2,5670,5670,572,2,0,http://www.protrails.com/trail/316/boulder-denver-golden-fort-collins-lyons-doudy-draw-spring-brook-loop-trail,37.7333333333,0,0,0,0,0,1,1,0,0,0
Doudy Draw Trail to Flatirons Vista Trailhead,boulder-denver-golden-fort-collins-lyons,6.8,5670,5925,255,2,1,http://www.protrails.com/trail/150/boulder-denver-golden-fort-collins-lyons-doudy-draw-trail-to-flatirons-vista-trailhead,37.7333333333,0,0,0,0,0,1,0,0,0,0
Eldorado Canyon - Walker Ranch Lollipop Loop,boulder-denver-golden-fort-collins-lyons,14.0,6075,7355,1280,5,1,http://www.protrails.com/trail/68/boulder-denver-golden-fort-collins-lyons-eldorado-canyon-walker-ranch-lollipop-loop,48.2166666667,0,0,0,0,0,0,1,0,0,0
Eldorado Canyon Trail,boulder-denver-golden-fort-collins-lyons,8.5,6075,6930,885,4,1,http://www.protrails.com/trail/70/boulder-denver-golden-fort-collins-lyons-eldorado-canyon-trail,48.2166666667,0,0,0,0,0,0,0,0,0,0
Fowler Trail - Self Guided Nature Walk,boulder-denver-golden-fort-collins-lyons,1.4,6087,6110,35,1,1,http://www.protrails.com/trail/9/boulder-denver-golden-fort-collins-lyons-fowler-trail-self-guided-nature-walk,46.1333333333,0,0,0,0,1,0,0,0,0,0
Rattlesnake Gulch Trail,boulder-denver-golden-fort-collins-lyons,2.4,6087,6717,630,3,1,http://www.protrails.com/trail/8/boulder-denver-golden-fort-collins-lyons-rattlesnake-gulch-trail,46.1333333333,0,0,0,0,0,0,0,0,0,0
South Boulder Creek Trail,boulder-denver-golden-fort-collins-lyons,5.0,7345,7287,-58,3,1,http://www.protrails.com/trail/6/boulder-denver-golden-fort-collins-lyons-south-boulder-creek-trail,35.4333333333,0,0,0,0,0,1,1,1,0,0
Walker Ranch Loop,boulder-denver-golden-fort-collins-lyons,7.7,7287,7355,890,3,1,http://www.protrails.com/trail/79/boulder-denver-golden-fort-collins-lyons-walker-ranch-loop,56.9,0,0,0,0,0,1,1,0,0,0
Fowler Trail,boulder-denver-golden-fort-collins-lyons,4.0,5885,6087,202,1,1,http://www.protrails.com/trail/340/boulder-denver-golden-fort-collins-lyons-fowler-trail,39.7333333333,0,0,0,0,1,0,0,0,0,0
Goshawk Ridge Trail - Spring Brook North Loop,boulder-denver-golden-fort-collins-lyons,4.05,5885,5885,720,3,0,http://www.protrails.com/trail/341/boulder-denver-golden-fort-collins-lyons-goshawk-ridge-trail-spring-brook-north-loop,39.7333333333,0,0,0,0,0,1,0,0,0,0
Bergen Peak,boulder-denver-golden-fort-collins-lyons,9.4,7813,9708,1895,4,1,http://www.protrails.com/trail/644/boulder-denver-golden-fort-collins-lyons-bergen-peak,35.5166666667,0,0,0,1,0,1,0,0,0,1
Bergen Peak via the Too Long Trail,boulder-denver-golden-fort-collins-lyons,9.6,7628,9708,2080,3,1,http://www.protrails.com/trail/646/boulder-denver-golden-fort-collins-lyons-bergen-peak-via-the-too-long-trail,33.5166666667,0,0,0,1,0,0,0,0,0,0
Elk Meadow Loop,boulder-denver-golden-fort-collins-lyons,3.5,7628,8097,469,2,1,http://www.protrails.com/trail/645/boulder-denver-golden-fort-collins-lyons-elk-meadow-loop,33.5166666667,0,0,0,1,0,1,0,0,0,0
Boy Scout Loop,boulder-denver-golden-fort-collins-lyons,1.0,6940,6940,20,1,1,http://www.protrails.com/trail/193/boulder-denver-golden-fort-collins-lyons-boy-scout-loop,47.25,0,0,0,1,1,0,0,0,0,1
Tenderfoot Loop Trail,boulder-denver-golden-fort-collins-lyons,2.2,6785,6785,366,1,1,http://www.protrails.com/trail/191/boulder-denver-golden-fort-collins-lyons-tenderfoot-loop-trail,47.25,0,0,0,1,1,0,1,1,0,0
Ute Trail - Range View Trail Loop,boulder-denver-golden-fort-collins-lyons,1.1,6785,6785,195,1,1,http://www.protrails.com/trail/192/boulder-denver-golden-fort-collins-lyons-ute-trail-range-view-trail-loop,47.25,0,0,0,1,1,1,0,0,0,0
Foothills Trail to Wonderland Lake,boulder-denver-golden-fort-collins-lyons,3.0,5625,5553,-72,1,1,http://www.protrails.com/trail/342/boulder-denver-golden-fort-collins-lyons-foothills-trail-to-wonderland-lake,57.0833333333,0,1,0,0,0,1,0,0,0,0
Burro Trail to Windy Peak,boulder-denver-golden-fort-collins-lyons,6.35,7830,9132,1302,3,1,http://www.protrails.com/trail/91/boulder-denver-golden-fort-collins-lyons-burro-trail-to-windy-peak,52.4,0,0,0,1,0,1,0,0,1,0
Frazer Meadows via Mule Deer Trail,boulder-denver-golden-fort-collins-lyons,4.9,8662,9065,403,2,1,http://www.protrails.com/trail/82/boulder-denver-golden-fort-collins-lyons-frazer-meadows-via-mule-deer-trail,53.2666666667,0,0,0,0,0,1,1,1,1,0
Mountain Lion Loop Trail & Windy Peak,boulder-denver-golden-fort-collins-lyons,7.9,7739,7739,1367,3,1,http://www.protrails.com/trail/23/boulder-denver-golden-fort-collins-lyons-mountain-lion-loop-trail-windy-peak,50.2833333333,0,0,0,1,1,1,1,0,1,0
Panorama Point via Mule Deer Trail,boulder-denver-golden-fort-collins-lyons,11.0,8662,9311,649,3,1,http://www.protrails.com/trail/80/boulder-denver-golden-fort-collins-lyons-panorama-point-via-mule-deer-trail,53.2666666667,0,0,0,0,0,1,1,1,1,0
Raccoon Loop Trail,boulder-denver-golden-fort-collins-lyons,2.3,9311,9311,54,2,1,http://www.protrails.com/trail/81/boulder-denver-golden-fort-collins-lyons-raccoon-loop-trail,59.4666666667,0,0,0,0,0,0,1,0,1,0
Green Mountain,boulder-denver-golden-fort-collins-lyons,5.45,5856,8144,2288,5,1,http://www.protrails.com/trail/18/boulder-denver-golden-fort-collins-lyons-green-mountain,38.5166666667,0,0,0,1,0,1,0,0,0,0
Green Mountain - Bear Peak Trail (Green and Bear It),boulder-denver-golden-fort-collins-lyons,12.75,5845,8461,2616,5,1,http://www.protrails.com/trail/76/boulder-denver-golden-fort-collins-lyons-green-mountain-bear-peak-trail-green-and-bear-it,38.5166666667,0,0,0,1,0,1,0,0,0,0
Greyrock Trail - Greyrock Meadows Loop Trail,boulder-denver-golden-fort-collins-lyons,7.15,5630,7513,1883,4,1,http://www.protrails.com/trail/379/boulder-denver-golden-fort-collins-lyons-greyrock-trail-greyrock-meadows-loop-trail,90.7333333333,0,1,1,1,0,0,0,1,0,0
Bitterbrush Trail to Nelson Loop,boulder-denver-golden-fort-collins-lyons,9.4,5521,6703,1182,3,0,http://www.protrails.com/trail/13/boulder-denver-golden-fort-collins-lyons-bitterbrush-trail-to-nelson-loop,61.7666666667,0,0,0,0,1,1,0,0,0,0
Button Rock Trail,boulder-denver-golden-fort-collins-lyons,4.0,6625,6703,78,2,0,http://www.protrails.com/trail/15/boulder-denver-golden-fort-collins-lyons-button-rock-trail,71.2833333333,0,0,0,0,0,1,0,0,0,0
Nighthawk Trail,boulder-denver-golden-fort-collins-lyons,9.4,5521,6703,1182,3,0,http://www.protrails.com/trail/14/boulder-denver-golden-fort-collins-lyons-nighthawk-trail,61.7666666667,0,0,0,0,0,1,0,0,0,0
Lichen Loop Trail,boulder-denver-golden-fort-collins-lyons,1.25,5945,5945,230,1,0,http://www.protrails.com/trail/3/boulder-denver-golden-fort-collins-lyons-lichen-loop-trail,54.7,0,0,0,0,0,1,0,0,0,1
Wapiti Trail to Ponderosa Loop,boulder-denver-golden-fort-collins-lyons,7.7,5945,5945,847,3,0,http://www.protrails.com/trail/4/boulder-denver-golden-fort-collins-lyons-wapiti-trail-to-ponderosa-loop,54.7,0,0,0,0,0,1,1,0,0,0
Wild Turkey Loop,boulder-denver-golden-fort-collins-lyons,9.45,5945,5945,760,3,0,http://www.protrails.com/trail/420/boulder-denver-golden-fort-collins-lyons-wild-turkey-loop,54.7,0,0,0,0,0,1,1,0,0,0
Picture Rock Trail,boulder-denver-golden-fort-collins-lyons,10.4,5415,6392,977,3,0,http://www.protrails.com/trail/419/boulder-denver-golden-fort-collins-lyons-picture-rock-trail,60.8333333333,0,0,0,0,0,1,0,0,0,1
Horsetooth Falls,boulder-denver-golden-fort-collins-lyons,2.35,5815,5830,15,2,1,http://www.protrails.com/trail/422/boulder-denver-golden-fort-collins-lyons-horsetooth-falls,79.6666666667,0,0,0,0,1,1,0,1,0,0
Horsetooth Mountain Loop,boulder-denver-golden-fort-collins-lyons,7.1,5815,5815,1270,3,1,http://www.protrails.com/trail/429/boulder-denver-golden-fort-collins-lyons-horsetooth-mountain-loop,79.6666666667,0,0,0,0,0,1,0,1,0,0
Horsetooth Rock,boulder-denver-golden-fort-collins-lyons,5.0,5815,7256,1441,3,1,http://www.protrails.com/trail/421/boulder-denver-golden-fort-collins-lyons-horsetooth-rock,79.6666666667,0,0,0,1,0,0,0,1,0,0
Lion Gulch Trail to Homestead Meadows,boulder-denver-golden-fort-collins-lyons,6.1,7370,8447,1077,3,1,http://www.protrails.com/trail/336/boulder-denver-golden-fort-collins-lyons-lion-gulch-trail-to-homestead-meadows,75.35,0,0,0,0,0,1,0,0,0,0
Lion's Paw Trail to Pierson Park,boulder-denver-golden-fort-collins-lyons,14.2,7370,9085,1715,4,1,http://www.protrails.com/trail/367/boulder-denver-golden-fort-collins-lyons-lions-paw-trail-to-pierson-park,75.35,0,0,0,0,0,1,1,0,1,0
Marshall Mesa Loop,boulder-denver-golden-fort-collins-lyons,3.3,5585,5585,163,1,1,http://www.protrails.com/trail/372/boulder-denver-golden-fort-collins-lyons-marshall-mesa-loop,36.05,0,0,0,0,1,0,0,0,0,0
Marshall Valley - Cowdrey Draw Trail,boulder-denver-golden-fort-collins-lyons,4.0,5585,5623,38,1,1,http://www.protrails.com/trail/374/boulder-denver-golden-fort-collins-lyons-marshall-valley-cowdrey-draw-trail,36.05,0,0,0,1,0,0,1,0,0,0
Mt Sanitas Loop Trail,boulder-denver-golden-fort-collins-lyons,3.1,5520,6843,1323,4,1,http://www.protrails.com/trail/36/boulder-denver-golden-fort-collins-lyons-mt-sanitas-loop-trail,41.2833333333,0,0,0,1,0,0,0,0,0,0
Tungsten & Kinnickinnick Double Loop Trail,boulder-denver-golden-fort-collins-lyons,2.2,8400,8594,194,1,1,http://www.protrails.com/trail/174/boulder-denver-golden-fort-collins-lyons-tungsten-kinnickinnick-double-loop-trail,68.35,0,1,0,0,0,0,0,0,0,0
Mallory Cave (Boulder - NCAR Mesa Trailhead),boulder-denver-golden-fort-collins-lyons,2.8,6080,7020,940,3,1,http://www.protrails.com/trail/73/boulder-denver-golden-fort-collins-lyons-mallory-cave-ncar,38.9833333333,0,0,0,0,0,0,0,0,0,0
Hogback Lollipop Loop,boulder-denver-golden-fort-collins-lyons,2.95,5565,5565,828,3,0,http://www.protrails.com/trail/154/boulder-denver-golden-fort-collins-lyons-hogback-lollipop-loop,43.7,0,0,0,0,0,1,0,0,0,0
North Table - Tilting Mesa - Mesa Top Loop,boulder-denver-golden-fort-collins-lyons,3.2,6030,6030,478,2,1,http://www.protrails.com/trail/441/boulder-denver-golden-fort-collins-lyons-north-table-tilting-mesa-mesa-top-loop,27.0833333333,0,0,0,0,0,1,1,0,0,0
North Table Loop,boulder-denver-golden-fort-collins-lyons,5.9,6030,6030,475,3,1,http://www.protrails.com/trail/440/boulder-denver-golden-fort-collins-lyons-north-table-loop,27.0833333333,0,0,0,0,0,1,0,0,0,0
Pawnee Buttes Trail,boulder-denver-golden-fort-collins-lyons,4.1,5435,5220,-215,1,1,http://www.protrails.com/trail/442/boulder-denver-golden-fort-collins-lyons-pawnee-buttes-trail,131.566666667,0,0,1,0,0,1,0,0,0,0
Eagle Wind Trail,boulder-denver-golden-fort-collins-lyons,3.95,5530,5530,336,2,1,http://www.protrails.com/trail/151/boulder-denver-golden-fort-collins-lyons-eagle-wind-trail,58.4,0,0,1,0,1,1,0,0,0,0
Little Thompson Overlook Trail,boulder-denver-golden-fort-collins-lyons,2.9,5530,5802,272,1,1,http://www.protrails.com/trail/152/boulder-denver-golden-fort-collins-lyons-little-thompson-overlook-trail,58.4,0,0,1,0,1,1,1,0,0,0
Red Rocks Loop Trail,boulder-denver-golden-fort-collins-lyons,0.7,5460,5460,365,2,1,http://www.protrails.com/trail/345/boulder-denver-golden-fort-collins-lyons-red-rocks-loop-trail,40.3833333333,0,0,0,0,0,0,0,0,0,0
South Boulder Creek,boulder-denver-golden-fort-collins-lyons,4.35,5485,5485,427,2,1,http://www.protrails.com/trail/343/boulder-denver-golden-fort-collins-lyons-south-boulder-creek-big-bluestem-loop,35.4333333333,0,0,0,0,0,0,0,0,0,0
Mesa Trail - Big Bluestem Trail Loop,boulder-denver-golden-fort-collins-lyons,4.35,5645,5645,785,2,1,http://www.protrails.com/trail/329/boulder-denver-golden-fort-collins-lyons-mesa-trail-big-bluestem-trail-loop,37.75,0,0,0,0,0,0,0,1,0,0
Shadow Canyon to Bear Peak,boulder-denver-golden-fort-collins-lyons,6.8,5645,8461,2816,5,1,http://www.protrails.com/trail/21/boulder-denver-golden-fort-collins-lyons-shadow-canyon-to-bear-peak,37.75,0,0,0,1,0,0,0,0,0,0
Shadow Canyon to South Boulder Peak,boulder-denver-golden-fort-collins-lyons,6.7,5645,8549,2904,5,1,http://www.protrails.com/trail/77/boulder-denver-golden-fort-collins-lyons-shadow-canyon-to-south-boulder-peak,37.75,0,0,0,1,0,0,0,0,0,0
Teller Farms - East Boulder Trail,boulder-denver-golden-fort-collins-lyons,12.3,5220,5308,88,2,1,http://www.protrails.com/trail/351/boulder-denver-golden-fort-collins-lyons-teller-farms-east-boulder-trail,39.4833333333,0,0,0,0,0,0,0,0,0,0
Twin Lakes,boulder-denver-golden-fort-collins-lyons,1.4,5180,5180,0,1,1,http://www.protrails.com/trail/522/boulder-denver-golden-fort-collins-lyons-twin-lakes,42.7833333333,0,1,0,0,1,0,0,0,0,0
Waneka Lake Trail and Greenlee Wildlife Preserve,boulder-denver-golden-fort-collins-lyons,1.2,5320,5320,0,1,1,http://www.protrails.com/trail/268/boulder-denver-golden-fort-collins-lyons-waneka-lake-trail-and-greenlee-wildlife-preserve,34.8166666667,0,1,0,0,1,1,0,0,0,0
Belcher Hill - Rawhide - Longhorn - Whippletree Loop,boulder-denver-golden-fort-collins-lyons,8.8,6175,7860,1685,4,1,http://www.protrails.com/trail/135/boulder-denver-golden-fort-collins-lyons-belcher-hill-rawhide-longhorn-whippletree-loop,30.9333333333,0,0,0,0,0,0,0,0,0,0
Belcher Hill Trail,boulder-denver-golden-fort-collins-lyons,9.0,6175,7465,1290,3,1,http://www.protrails.com/trail/133/boulder-denver-golden-fort-collins-lyons-belcher-hill-trail,30.9333333333,0,0,0,0,0,0,0,0,0,0
Belcher Hill Trail to Mustang Trail,boulder-denver-golden-fort-collins-lyons,9.0,6175,7880,1705,3,1,http://www.protrails.com/trail/134/boulder-denver-golden-fort-collins-lyons-belcher-hill-trail-to-mustang-trail,30.9333333333,0,0,0,0,0,0,1,0,0,0
Rawhide Loop Trail,boulder-denver-golden-fort-collins-lyons,4.7,7505,7505,53,3,1,http://www.protrails.com/trail/67/boulder-denver-golden-fort-collins-lyons-rawhide-loop-trail,45.2833333333,0,0,0,0,0,1,0,0,1,0
Sawmill Trail,boulder-denver-golden-fort-collins-lyons,2.95,7510,7608,98,1,1,http://www.protrails.com/trail/136/boulder-denver-golden-fort-collins-lyons-sawmill-trail,44.8333333333,0,0,0,0,0,0,1,0,1,0
Shorthorn to Longhorn Trail,boulder-denver-golden-fort-collins-lyons,5.2,7600,6925,-675,3,1,http://www.protrails.com/trail/137/boulder-denver-golden-fort-collins-lyons-shorthorn-to-longhorn-trail,45.2833333333,0,0,0,0,0,0,0,0,0,1
Alcove Nature Trail,colorado-national-monument,0.9,5815,5863,48,1,0,http://www.protrails.com/trail/218/colorado-national-monument-alcove-nature-trail,252.6,0,0,0,0,0,0,0,0,0,0
Black Ridge Trail,colorado-national-monument,11.2,5815,6535,720,3,0,http://www.protrails.com/trail/219/colorado-national-monument-black-ridge-trail,253.916666667,0,0,0,0,0,1,0,0,0,0
Canyon Rim Trail,colorado-national-monument,1.1,5784,5717,-67,1,0,http://www.protrails.com/trail/217/colorado-national-monument-canyon-rim-trail,253.916666667,0,0,0,0,0,0,0,0,0,0
No Thoroughfare Canyon Trail,colorado-national-monument,6.1,4990,5648,658,3,0,http://www.protrails.com/trail/648/colorado-national-monument-no-thoroughfare-canyon-trail,243.316666667,1,0,0,0,0,0,0,1,0,0
Liberty Cap,colorado-national-monument,10.4,6508,5902,-606,3,0,http://www.protrails.com/trail/512/colorado-national-monument-liberty-cap,271.266666667,0,0,1,0,0,1,0,0,0,0
Coke Ovens Overlook Trail,colorado-national-monument,1.0,6140,5980,-160,1,0,http://www.protrails.com/trail/215/colorado-national-monument-coke-ovens-overlook-trail,264.05,0,0,0,0,0,0,0,0,0,0
Monument Canyon Trail,colorado-national-monument,11.6,6140,4722,-1418,3,0,http://www.protrails.com/trail/216/colorado-national-monument-monument-canyon-trail,264.05,0,0,0,0,1,1,0,0,0,0
Ute Canyon Trail,colorado-national-monument,8.0,6440,5570,-870,3,0,http://www.protrails.com/trail/649/colorado-national-monument-ute-canyon-trail,263.3,0,0,0,0,0,1,0,0,0,0
Window Rock Trail,colorado-national-monument,0.5,5730,5682,-48,1,0,http://www.protrails.com/trail/220/colorado-national-monument-window-rock-trail,253.916666667,0,0,0,0,0,0,0,0,1,0
Exploring the Sand Sheet,great-sand-dunes-national-park,10.5,8160,7910,240,3,1,http://www.protrails.com/trail/589/great-sand-dunes-national-park-exploring-the-sand-sheet,223.233333333,0,1,0,0,0,1,0,0,0,0
Sand Dune Trail,great-sand-dunes-national-park,2.5,8085,8605,520,3,1,http://www.protrails.com/trail/587/great-sand-dunes-national-park-sand-dune-trail,228.883333333,0,1,0,0,0,0,0,0,0,0
Beaver Creek Trail (Coney Flats to Brainard Lake),indian-peaks-wilderness-area-james-peak-wilderness-area,10.1,9820,10508,688,4,1,http://www.protrails.com/trail/108/indian-peaks-wilderness-area-beaver-creek-trail-coney-flats-to-brainard-lake,104.416666667,0,1,0,0,0,1,0,0,0,0
Coney Flats to Mt Audubon,indian-peaks-wilderness-area-james-peak-wilderness-area,11.2,8920,13223,3403,5,1,http://www.protrails.com/trail/278/indian-peaks-wilderness-area-coney-flats-to-mt-audubon,104.416666667,0,0,0,1,0,1,0,0,0,0
Coney Lake,indian-peaks-wilderness-area-james-peak-wilderness-area,5.15,9820,10624,804,3,1,http://www.protrails.com/trail/98/indian-peaks-wilderness-area-coney-lake,104.483333333,0,1,1,1,0,1,0,0,0,1
Blue Lake (Indian Peaks Wilderness Area),indian-peaks-wilderness-area-james-peak-wilderness-area,5.1,10525,11355,830,3,1,http://www.protrails.com/trail/32/indian-peaks-wilderness-area-blue-lake,89.7166666667,0,1,0,1,0,0,1,0,0,0
Isabelle Glacier,indian-peaks-wilderness-area-james-peak-wilderness-area,8.75,10515,12025,1510,4,1,http://www.protrails.com/trail/176/indian-peaks-wilderness-area-isabelle-glacier,90.0,0,0,0,1,0,0,0,1,0,1
Lake Isabelle,indian-peaks-wilderness-area-james-peak-wilderness-area,4.2,10515,10868,353,2,1,http://www.protrails.com/trail/114/indian-peaks-wilderness-area-lake-isabelle,90.0,0,1,0,0,0,0,0,0,0,0
Long Lake - Jean Lunning Loop Trail,indian-peaks-wilderness-area-james-peak-wilderness-area,2.8,10515,10674,159,1,1,http://www.protrails.com/trail/115/indian-peaks-wilderness-area-long-lake-jean-lunning-loop-trail,90.0,0,1,0,0,1,0,1,0,0,0
Mitchell Lake,indian-peaks-wilderness-area-james-peak-wilderness-area,1.8,10525,10735,210,1,1,http://www.protrails.com/trail/177/indian-peaks-wilderness-area-mitchell-lake,89.7166666667,0,1,0,0,1,0,1,1,0,0
Mt Audubon,indian-peaks-wilderness-area-james-peak-wilderness-area,7.9,10508,13223,2715,5,1,http://www.protrails.com/trail/41/indian-peaks-wilderness-area-mt-audubon,89.85,0,0,0,1,0,0,0,0,0,0
Mt Toll,indian-peaks-wilderness-area-james-peak-wilderness-area,9.1,10525,12979,2454,5,1,http://www.protrails.com/trail/455/indian-peaks-wilderness-area-mt-toll,89.7166666667,0,1,0,1,0,0,0,0,0,0
Niwot Ridge,indian-peaks-wilderness-area-james-peak-wilderness-area,10.1,10515,12285,1770,4,1,http://www.protrails.com/trail/326/indian-peaks-wilderness-area-niwot-ridge,90.0,0,1,0,0,0,0,0,1,0,0
Paiute Peak,indian-peaks-wilderness-area-james-peak-wilderness-area,8.6,10525,13088,2563,5,1,http://www.protrails.com/trail/692/indian-peaks-wilderness-area-paiute-peak,89.7166666667,0,1,0,1,0,0,0,0,0,0
Pawnee Lake,indian-peaks-wilderness-area-james-peak-wilderness-area,12.8,10515,10877,362,5,1,http://www.protrails.com/trail/666/indian-peaks-wilderness-area-pawnee-lake,89.9833333333,0,1,0,0,0,0,0,0,0,0
Pawnee Pass and Pawnee Peak,indian-peaks-wilderness-area-james-peak-wilderness-area,9.1,10515,12541,2026,4,1,http://www.protrails.com/trail/26/indian-peaks-wilderness-area-pawnee-pass-and-pawnee-peak,90.0,0,0,0,1,0,0,0,0,0,0
Sourdough Trail: Brainard Lake to Camp Dick,indian-peaks-wilderness-area-james-peak-wilderness-area,13.3,10048,8675,-1373,3,1,http://www.protrails.com/trail/457/indian-peaks-wilderness-area-sourdough-trail-brainard-lake-to-camp-dick,81.95,0,1,0,1,0,1,0,0,1,0
Buchanan Pass Trail,indian-peaks-wilderness-area-james-peak-wilderness-area,7.7,8755,9630,875,3,1,http://www.protrails.com/trail/112/indian-peaks-wilderness-area-buchanan-pass-trail,88.4166666667,0,0,0,0,0,1,0,1,0,0
Arapaho Lakes,indian-peaks-wilderness-area-james-peak-wilderness-area,7.1,9211,11172,1961,4,1,http://www.protrails.com/trail/113/indian-peaks-wilderness-area-arapaho-lakes,87.45,0,1,0,0,0,0,0,0,0,1
Crater Lakes,indian-peaks-wilderness-area-james-peak-wilderness-area,6.0,9211,10600,1389,3,1,http://www.protrails.com/trail/279/indian-peaks-wilderness-area-crater-lakes,87.45,0,1,0,0,0,0,0,0,1,1
Forest Lakes,indian-peaks-wilderness-area-james-peak-wilderness-area,7.8,9211,10852,1641,3,1,http://www.protrails.com/trail/277/indian-peaks-wilderness-area-forest-lakes,87.45,0,1,0,0,0,0,0,0,0,1
Iceberg Lakes,indian-peaks-wilderness-area-james-peak-wilderness-area,11.8,9211,12115,2904,4,1,http://www.protrails.com/trail/673/indian-peaks-wilderness-area-iceberg-lakes,87.45,0,1,0,0,0,0,0,0,0,0
Rogers Peak Lake and Heart Lake,indian-peaks-wilderness-area-james-peak-wilderness-area,8.7,9211,11310,2099,3,1,http://www.protrails.com/trail/103/indian-peaks-wilderness-area-rogers-peak-lake-and-heart-lake,87.45,0,1,0,0,0,0,0,0,1,1
Arapaho Glacier and South Arapaho Peak,indian-peaks-wilderness-area-james-peak-wilderness-area,7.9,10172,12705,2533,4,1,http://www.protrails.com/trail/454/indian-peaks-wilderness-area-arapaho-glacier-and-south-arapaho-peak,97.4333333333,1,1,0,1,0,0,0,1,1,0
Caribou Lake,indian-peaks-wilderness-area-james-peak-wilderness-area,9.3,10172,11167,995,5,1,http://www.protrails.com/trail/323/indian-peaks-wilderness-area-caribou-lake,97.4333333333,1,1,0,0,0,0,0,1,0,0
Diamond Lake,indian-peaks-wilderness-area-james-peak-wilderness-area,5.3,10172,10940,768,3,1,http://www.protrails.com/trail/102/indian-peaks-wilderness-area-diamond-lake,97.4333333333,1,1,0,0,0,0,1,1,1,0
Lake Dorothy,indian-peaks-wilderness-area-james-peak-wilderness-area,7.3,10172,12061,1889,3,1,http://www.protrails.com/trail/322/indian-peaks-wilderness-area-lake-dorothy,97.4333333333,1,1,0,0,0,0,1,1,0,0
Betty and Bob Lakes,indian-peaks-wilderness-area-james-peak-wilderness-area,12.0,9009,11422,2561,4,1,http://www.protrails.com/trail/111/indian-peaks-wilderness-area-betty-and-bob-lakes,76.2833333333,0,1,0,0,0,0,0,0,0,1
Devils Thumb Lake,indian-peaks-wilderness-area-james-peak-wilderness-area,10.9,9009,11138,2129,4,1,http://www.protrails.com/trail/48/indian-peaks-wilderness-area-devils-thumb-lake,76.2833333333,0,1,0,0,0,0,1,0,1,0
Devils Thumb Trail to Diamond Lake,indian-peaks-wilderness-area-james-peak-wilderness-area,12.45,9009,10940,1931,5,1,http://www.protrails.com/trail/318/indian-peaks-wilderness-area-devils-thumb-trail-to-diamond-lake,76.2833333333,0,1,0,0,0,1,1,0,1,1
Jasper Lake,indian-peaks-wilderness-area-james-peak-wilderness-area,8.8,9009,10814,1805,3,1,http://www.protrails.com/trail/47/indian-peaks-wilderness-area-jasper-lake,76.2833333333,0,1,0,0,0,0,1,0,1,0
King Lake,indian-peaks-wilderness-area-james-peak-wilderness-area,10.8,9009,11430,2421,4,1,http://www.protrails.com/trail/28/indian-peaks-wilderness-area-king-lake,76.2833333333,0,1,0,0,0,0,1,0,0,0
King Lake - High Lonesome - Devils Thumb Lake Loop,indian-peaks-wilderness-area-james-peak-wilderness-area,14.75,9009,12105,3096,5,1,http://www.protrails.com/trail/331/indian-peaks-wilderness-area-king-lake-high-lonesome-devils-thumb-lake-loop,79.0666666667,0,1,0,0,0,0,1,0,1,0
Lost Lake,indian-peaks-wilderness-area-james-peak-wilderness-area,2.7,9009,9786,777,2,1,http://www.protrails.com/trail/29/indian-peaks-wilderness-area-lost-lake,76.2833333333,1,1,0,0,1,0,1,1,1,0
Skyscraper Reservoir,indian-peaks-wilderness-area-james-peak-wilderness-area,9.9,9009,11220,2211,3,1,http://www.protrails.com/trail/332/indian-peaks-wilderness-area-skyscraper-reservoir,76.2833333333,0,1,0,0,0,1,1,0,0,0
Woodland Lake,indian-peaks-wilderness-area-james-peak-wilderness-area,9.1,9009,10972,1963,4,1,http://www.protrails.com/trail/90/indian-peaks-wilderness-area-woodland-lake,76.2833333333,0,1,0,0,0,0,1,0,0,0
Gibraltar Lakes,indian-peaks-wilderness-area-james-peak-wilderness-area,9.5,9655,11181,1526,4,1,http://www.protrails.com/trail/327/indian-peaks-wilderness-area-gibraltar-lakes,103.55,0,1,1,0,0,0,0,0,0,0
Red Deer Lake,indian-peaks-wilderness-area-james-peak-wilderness-area,6.4,9655,10372,717,3,1,http://www.protrails.com/trail/330/indian-peaks-wilderness-area-red-deer-lake,103.55,0,1,1,0,1,0,1,1,0,0
Mineral Mountain Trail (Road 505 to Caribou Townsite),indian-peaks-wilderness-area-james-peak-wilderness-area,10.6,8758,10040,1282,3,1,http://www.protrails.com/trail/101/indian-peaks-wilderness-area-mineral-mountain-trail-road-505-to-caribou-townsite,71.1333333333,0,0,0,1,1,1,0,0,0,0
Cascade Falls (Indian Peaks Wilderness Area),indian-peaks-wilderness-area-james-peak-wilderness-area,9.2,8345,9207,862,3,1,http://www.protrails.com/trail/180/indian-peaks-wilderness-area-cascade-falls,134.3,1,1,0,0,0,1,0,1,0,0
Crater Lake and Mirror Lake,indian-peaks-wilderness-area-james-peak-wilderness-area,14.8,8345,10328,1983,4,1,http://www.protrails.com/trail/179/indian-peaks-wilderness-area-crater-lake-and-mirror-lake,134.3,1,1,0,0,0,0,1,1,1,0
Gourd Lake,indian-peaks-wilderness-area-james-peak-wilderness-area,16.6,8345,10795,2450,4,1,http://www.protrails.com/trail/678/indian-peaks-wilderness-area-gourd-lake,134.3,0,1,0,0,0,1,0,0,0,1
Monarch Lake Loop Trail,indian-peaks-wilderness-area-james-peak-wilderness-area,3.9,8345,8345,260,2,1,http://www.protrails.com/trail/181/indian-peaks-wilderness-area-monarch-lake-loop-trail,134.3,0,1,0,0,0,0,0,1,0,0
Rainbow Lakes,indian-peaks-wilderness-area-james-peak-wilderness-area,1.9,10010,10280,270,3,1,http://www.protrails.com/trail/178/indian-peaks-wilderness-area-rainbow-lakes,92.9333333333,0,1,0,0,1,0,0,0,0,0
Stone Lake,indian-peaks-wilderness-area-james-peak-wilderness-area,12.3,8320,10643,2323,5,1,http://www.protrails.com/trail/758/indian-peaks-wilderness-area-stone-lake,134.233333333,0,1,0,1,0,1,0,0,0,0
Corona Lake,indian-peaks-wilderness-area-james-peak-wilderness-area,2.1,11594,11206,-388,2,1,http://www.protrails.com/trail/653/indian-peaks-wilderness-area-corona-lake,155.05,0,1,0,0,0,0,0,0,0,0
Sourdough Trail to Brainard Lake Recreation Area,indian-peaks-wilderness-area-james-peak-wilderness-area,11.6,9255,10075,820,3,1,http://www.protrails.com/trail/334/indian-peaks-wilderness-area-sourdough-trail-to-brainard-lake-recreation-area,74.35,0,1,0,0,0,0,0,0,0,0
St Vrain Mountain,indian-peaks-wilderness-area-james-peak-wilderness-area,8.9,8940,12162,3222,5,1,http://www.protrails.com/trail/117/indian-peaks-wilderness-area-st-vrain-mountain,92.7833333333,0,0,0,1,0,0,0,0,0,0
5 Lake Loop: Bear-Helene-Odessa-Fern-Cub,rocky-mountain-national-park,12.5,9475,9475,1187,5,0,http://www.protrails.com/trail/333/rocky-mountain-national-park-5-lake-loop-bearheleneodessaferncub,119.1,0,1,0,0,0,0,0,0,1,0
Bear Lake Nature Loop,rocky-mountain-national-park,0.65,9475,9475,57,1,0,http://www.protrails.com/trail/238/rocky-mountain-national-park-bear-lake-nature-loop,119.1,0,1,0,0,1,0,0,0,0,0
Flattop Mountain,rocky-mountain-national-park,8.6,9475,12324,2849,5,0,http://www.protrails.com/trail/43/rocky-mountain-national-park-flattop-mountain,119.1,0,0,0,1,0,1,1,0,0,0
Hallett Peak,rocky-mountain-national-park,10.0,9475,12713,3238,5,0,http://www.protrails.com/trail/44/rocky-mountain-national-park-hallett-peak,119.1,0,0,0,1,0,0,0,0,0,0
Lake Haiyaha (RMNP - Bear Lake Trailhead),rocky-mountain-national-park,3.9,9475,10221,746,2,0,http://www.protrails.com/trail/59/rocky-mountain-national-park-lake-haiyaha,119.1,0,1,0,0,0,0,0,0,0,0
Lake Helene,rocky-mountain-national-park,6.3,9475,10643,1168,3,0,http://www.protrails.com/trail/51/rocky-mountain-national-park-lake-helene,119.1,0,1,1,0,0,0,0,0,1,0
"Nymph, Dream & Emerald Lakes",rocky-mountain-national-park,3.6,9475,9705,230,3,0,http://www.protrails.com/trail/60/rocky-mountain-national-park-nymph-dream-emerald-lakes,119.1,0,1,0,0,0,0,0,0,0,0
Odessa Lake,rocky-mountain-national-park,8.3,9475,10055,580,3,0,http://www.protrails.com/trail/52/rocky-mountain-national-park-odessa-lake,119.1,0,1,0,0,0,0,0,0,1,0
Otis Peak,rocky-mountain-national-park,12.0,9475,12486,3011,5,0,http://www.protrails.com/trail/453/rocky-mountain-national-park-otis-peak,119.1,0,0,0,1,0,0,0,0,0,0
Bierstadt Lake,rocky-mountain-national-park,3.2,8862,9416,554,2,0,http://www.protrails.com/trail/324/rocky-mountain-national-park-bierstadt-lake,112.116666667,0,1,0,0,1,0,1,0,0,0
Parika Lake,rocky-mountain-national-park,10.1,8864,11360,2496,4,0,http://www.protrails.com/trail/119/rocky-mountain-national-park-parika-lake,209.333333333,0,1,0,0,0,1,1,0,0,1
Chapin Creek Trail,rocky-mountain-national-park,6.6,11040,10205,-835,3,0,http://www.protrails.com/trail/675/rocky-mountain-national-park-chapin-creek-trail,134.433333333,0,0,1,0,0,1,0,1,1,0
Mount Chiquita and Ypsilon Mountain,rocky-mountain-national-park,8.1,11040,13514,2474,4,0,http://www.protrails.com/trail/672/rocky-mountain-national-park-mount-chiquita-and-ypsilon-mountain,134.433333333,0,0,1,1,0,0,0,1,0,0
Mirror Lake (Rocky Mountain National Park),rocky-mountain-national-park,12.2,10070,11015,945,3,0,http://www.protrails.com/trail/118/rocky-mountain-national-park-mirror-lake,189.466666667,0,1,1,0,0,1,1,1,1,0
Bridal Veil Falls,rocky-mountain-national-park,6.1,7855,8775,920,3,0,http://www.protrails.com/trail/66/rocky-mountain-national-park-bridal-veil-falls,100.066666667,0,0,0,0,0,1,0,1,1,0
North Boundary Trail,rocky-mountain-national-park,12.1,7855,9272,1417,5,0,http://www.protrails.com/trail/34/rocky-mountain-national-park-north-boundary-trail,100.066666667,0,0,1,0,0,1,0,1,1,0
West Creek Falls,rocky-mountain-national-park,4.75,7855,8158,303,3,0,http://www.protrails.com/trail/366/rocky-mountain-national-park-west-creek-falls,100.066666667,0,0,0,0,0,1,0,1,0,1
Cub Lake,rocky-mountain-national-park,4.6,8121,8624,503,2,0,http://www.protrails.com/trail/30/rocky-mountain-national-park-cub-lake,106.266666667,0,1,1,0,1,1,0,1,1,0
Beaver Mountain Loop via Deer Ridge Junction,rocky-mountain-national-park,7.15,8930,8930,287,3,0,http://www.protrails.com/trail/221/rocky-mountain-national-park-beaver-mountain-loop-via-deer-ridge-junction,103.9,0,0,0,0,0,1,0,0,1,0
Deer Mountain,rocky-mountain-national-park,6.0,8930,10013,1083,3,0,http://www.protrails.com/trail/96/rocky-mountain-national-park-deer-mountain,103.9,0,0,0,1,0,0,0,0,0,0
Bulwark Ridge Trail to Signal Mountain,rocky-mountain-national-park,11.85,7817,11262,3445,5,1,http://www.protrails.com/trail/375/rocky-mountain-national-park-bulwark-ridge-trail-to-signal-mountain,111.016666667,0,0,0,1,0,1,0,0,0,0
North Fork Trail to Kettle Tarn,rocky-mountain-national-park,10.25,7807,9237,1430,3,1,http://www.protrails.com/trail/373/rocky-mountain-national-park-north-fork-trail-to-kettle-tarn,110.966666667,0,0,1,0,0,1,0,1,1,1
Lake Verna,rocky-mountain-national-park,13.8,8391,10200,1809,3,0,http://www.protrails.com/trail/92/rocky-mountain-national-park-lake-verna,129.0,0,1,0,0,0,1,0,1,1,0
Lone Pine Lake,rocky-mountain-national-park,10.8,8391,9885,1494,3,0,http://www.protrails.com/trail/94/rocky-mountain-national-park-lone-pine-lake,129.0,0,1,0,0,0,1,1,1,1,0
Spirit Lake,rocky-mountain-national-park,15.8,8391,10298,1907,4,0,http://www.protrails.com/trail/95/rocky-mountain-national-park-spirit-lake,129.0,0,1,0,0,0,0,0,1,1,0
Fern Lake,rocky-mountain-national-park,7.7,8165,9503,1338,3,0,http://www.protrails.com/trail/35/rocky-mountain-national-park-fern-lake,111.433333333,0,1,1,0,0,0,0,1,1,1
Loomis Lake,rocky-mountain-national-park,10.2,8165,10269,2104,5,0,http://www.protrails.com/trail/335/rocky-mountain-national-park-loomis-lake,111.433333333,0,1,1,0,0,0,0,1,1,0
Spruce Lake,rocky-mountain-national-park,9.1,8165,9670,1505,3,0,http://www.protrails.com/trail/53/rocky-mountain-national-park-spruce-lake,111.433333333,0,1,1,0,0,0,0,1,1,0
Andrews Tarn and Andrews Glacier,rocky-mountain-national-park,9.3,9240,11390,2150,4,0,http://www.protrails.com/trail/319/rocky-mountain-national-park-andrews-tarn-and-andrews-glacier,115.5,0,0,0,0,0,0,0,1,1,0
Black Lake,rocky-mountain-national-park,9.6,9240,10630,1390,4,0,http://www.protrails.com/trail/49/rocky-mountain-national-park-black-lake,115.5,0,1,0,1,0,0,0,1,1,0
Blue Lake (Rocky Mountain National Park),rocky-mountain-national-park,11.0,9240,11165,1925,5,0,http://www.protrails.com/trail/321/rocky-mountain-national-park-blue-lake,115.5,0,1,0,1,0,0,0,1,1,0
Frozen Lake,rocky-mountain-national-park,12.1,9240,11578,2338,5,0,http://www.protrails.com/trail/325/rocky-mountain-national-park-frozen-lake,115.5,0,1,0,1,0,0,0,1,1,0
Glass Lake and Sky Pond,rocky-mountain-national-park,9.0,9210,10808,1677,3,0,http://www.protrails.com/trail/57/rocky-mountain-national-park-glass-lake-and-sky-pond,115.5,0,1,0,0,0,0,0,1,0,0
Green Lake,rocky-mountain-national-park,12.3,9240,11555,2315,5,0,http://www.protrails.com/trail/320/rocky-mountain-national-park-green-lake,115.5,0,1,0,1,0,0,0,1,1,0
Lake Haiyaha (RMNP - Glacier Gorge Trailhead),rocky-mountain-national-park,6.95,9240,10221,981,3,0,http://www.protrails.com/trail/252/rocky-mountain-national-park-lake-haiyaha,116.0,0,1,0,0,0,0,0,1,0,0
Mills Lake and Jewel Lake,rocky-mountain-national-park,6.2,9240,9955,727,2,0,http://www.protrails.com/trail/50/rocky-mountain-national-park-mills-lake-and-jewel-lake,115.5,0,1,0,1,0,0,0,1,1,1
The Loch,rocky-mountain-national-park,5.9,9240,10192,952,3,0,http://www.protrails.com/trail/56/rocky-mountain-national-park-the-loch,115.5,0,1,0,0,0,0,0,1,0,1
Shadow Mountain Overlook Tower,rocky-mountain-national-park,9.6,8390,9923,1533,3,0,http://www.protrails.com/trail/93/rocky-mountain-national-park-shadow-mountain-overlook-tower,127.3,0,1,0,0,0,0,0,1,0,0
Big Meadows,rocky-mountain-national-park,3.6,8794,9397,606,1,0,http://www.protrails.com/trail/40/rocky-mountain-national-park-big-meadows,130.383333333,0,0,0,0,1,1,0,0,1,0
Granite Falls,rocky-mountain-national-park,10.3,8794,9785,991,3,0,http://www.protrails.com/trail/39/rocky-mountain-national-park-granite-falls,130.383333333,0,0,0,0,0,1,0,1,1,0
Haynach Lakes,rocky-mountain-national-park,16.7,8794,11078,2284,4,0,http://www.protrails.com/trail/38/rocky-mountain-national-park-haynach-lakes,130.383333333,0,1,0,0,0,1,1,1,1,0
Tonahutu Trail to Big Meadows,rocky-mountain-national-park,8.4,8545,9397,852,2,0,http://www.protrails.com/trail/684/rocky-mountain-national-park-tonahutu-trail-to-big-meadows,125.416666667,0,0,0,0,1,1,0,1,1,1
Crystal Lakes (Rocky Mountain National Park),rocky-mountain-national-park,15.9,8540,11511,2971,5,0,http://www.protrails.com/trail/63/rocky-mountain-national-park-crystal-lakes,101.516666667,1,1,1,0,0,0,1,1,1,0
Lawn Lake,rocky-mountain-national-park,12.5,8540,10987,2447,4,0,http://www.protrails.com/trail/62/rocky-mountain-national-park-lawn-lake,101.516666667,0,1,1,0,0,1,0,0,1,0
Ypsilon Lake,rocky-mountain-national-park,8.75,8540,10632,2092,4,0,http://www.protrails.com/trail/55/rocky-mountain-national-park-ypsilon-lake,101.516666667,1,1,1,0,0,0,0,1,0,0
Lily Lake,rocky-mountain-national-park,0.9,8930,8930,0,1,0,http://www.protrails.com/trail/552/rocky-mountain-national-park-lily-lake,95.7666666667,0,1,0,0,1,0,0,0,0,0
Chasm Lake,rocky-mountain-national-park,8.4,9405,11803,2398,4,0,http://www.protrails.com/trail/61/rocky-mountain-national-park-chasm-lake,95.8,0,1,0,0,0,0,0,1,1,0
Estes Cone,rocky-mountain-national-park,6.1,9425,11002,1577,4,0,http://www.protrails.com/trail/65/rocky-mountain-national-park-estes-cone,95.8,0,0,0,1,0,0,0,0,1,0
Mount Lady Washington,rocky-mountain-national-park,11.8,9405,13281,3876,4,0,http://www.protrails.com/trail/716/rocky-mountain-national-park-mount-lady-washington,95.8,0,0,0,1,0,0,0,0,1,0
Gem Lake,rocky-mountain-national-park,3.3,7882,8830,948,4,0,http://www.protrails.com/trail/20/rocky-mountain-national-park-gem-lake,93.6,0,1,0,0,0,0,0,1,0,0
Twin Owls Loop,rocky-mountain-national-park,11.05,7870,9134,1264,4,0,http://www.protrails.com/trail/19/rocky-mountain-national-park-twin-owls-loop,93.6,0,0,0,0,0,1,0,1,1,1
Moraine Park Loop,rocky-mountain-national-park,4.65,8038,8038,90,1,0,http://www.protrails.com/trail/328/rocky-mountain-national-park-moraine-park-loop,102.316666667,0,0,1,0,1,1,0,1,1,0
Cascade Falls (Rocky Mountain National Park),rocky-mountain-national-park,6.8,8545,8838,293,2,0,http://www.protrails.com/trail/168/rocky-mountain-national-park-cascade-falls,127.216666667,0,0,0,0,0,1,0,1,1,0
Lake Nanita,rocky-mountain-national-park,21.6,8545,10780,2235,4,0,http://www.protrails.com/trail/167/rocky-mountain-national-park-lake-nanita,127.216666667,0,1,0,0,0,1,0,1,1,0
Lake Nokoni,rocky-mountain-national-park,19.6,8545,10773,2228,4,0,http://www.protrails.com/trail/166/rocky-mountain-national-park-lake-nokoni,127.216666667,0,1,0,0,0,1,0,1,1,0
Onahu Creek Trail to Long Meadows,rocky-mountain-national-park,8.9,8792,10220,1428,3,0,http://www.protrails.com/trail/165/rocky-mountain-national-park-onahu-creek-trail-to-long-meadows,135.1,0,0,0,0,0,1,0,1,0,0
Cache La Poudre Trail,rocky-mountain-national-park,18.4,10747,9753,-994,3,0,http://www.protrails.com/trail/116/rocky-mountain-national-park-cache-la-poudre-trail,145.15,0,0,1,0,0,1,0,0,1,0
Milner Pass Trail,rocky-mountain-national-park,8.2,10753,11796,1043,2,0,http://www.protrails.com/trail/656/rocky-mountain-national-park-milner-pass-trail,146.016666667,0,1,1,0,0,0,0,1,0,0
Mt Ida,rocky-mountain-national-park,9.6,10753,12889,2136,4,0,http://www.protrails.com/trail/655/rocky-mountain-national-park-mt-ida,146.016666667,0,1,1,1,0,0,0,0,0,0
Sprague Lake Nature Loop,rocky-mountain-national-park,0.8,8720,8720,10,1,0,http://www.protrails.com/trail/231/rocky-mountain-national-park-sprague-lake-nature-loop,111.316666667,0,1,0,0,0,0,0,0,0,1
Boulder Brook Trail,rocky-mountain-national-park,4.8,8831,10311,1430,3,0,http://www.protrails.com/trail/99/rocky-mountain-national-park-boulder-brook-trail,112.133333333,1,0,0,0,0,1,0,1,1,0
Long Meadows,rocky-mountain-national-park,7.6,9042,10452,1410,3,0,http://www.protrails.com/trail/46/rocky-mountain-national-park-long-meadows,141.266666667,0,0,1,0,0,1,0,1,1,0
Timber Lake,rocky-mountain-national-park,9.6,9042,11085,2043,3,0,http://www.protrails.com/trail/45/rocky-mountain-national-park-timber-lake,141.266666667,0,1,1,0,0,0,1,1,1,0
Twin Sisters,rocky-mountain-national-park,7.0,9040,11428,2388,4,0,http://www.protrails.com/trail/64/rocky-mountain-national-park-twin-sisters,96.8666666667,0,0,0,1,0,0,0,1,0,0
Beaver Mountain Loop,rocky-mountain-national-park,5.1,8440,8440,777,3,0,http://www.protrails.com/trail/97/rocky-mountain-national-park-beaver-mountain-loop,107.433333333,0,0,0,0,1,1,0,0,1,0
Moraine Park Trail,rocky-mountain-national-park,3.4,8440,8080,-360,1,0,http://www.protrails.com/trail/100/rocky-mountain-national-park-moraine-park-trail,107.433333333,0,0,0,0,1,1,0,0,1,0
Ute Trail,rocky-mountain-national-park,13.0,8440,11465,3025,5,0,http://www.protrails.com/trail/458/rocky-mountain-national-park-ute-trail,107.433333333,0,0,1,0,0,1,0,0,1,0
Ute Trail to Timberline Pass,rocky-mountain-national-park,4.0,11465,11495,30,2,0,http://www.protrails.com/trail/461/rocky-mountain-national-park-ute-trail-to-timberline-pass,124.466666667,0,0,1,0,0,1,0,0,0,0
Finch Lake,rocky-mountain-national-park,9.2,8470,9912,1442,3,0,http://www.protrails.com/trail/54/rocky-mountain-national-park-finch-lake,93.7,0,1,0,0,0,1,0,1,0,0
Pear Lake,rocky-mountain-national-park,13.0,8470,10582,2112,4,0,http://www.protrails.com/trail/11/rocky-mountain-national-park-pear-lake,93.7,0,1,0,0,0,1,0,1,1,0
Sandbeach Lake,rocky-mountain-national-park,8.8,8312,10283,1971,3,0,http://www.protrails.com/trail/58/rocky-mountain-national-park-sandbeach-lake,88.8,0,1,0,0,0,0,0,1,1,0
Bluebird Lake,rocky-mountain-national-park,12.6,8500,10978,2478,5,0,http://www.protrails.com/trail/31/rocky-mountain-national-park-bluebird-lake,94.7,1,1,0,0,0,0,1,1,1,0
Calypso Cascades and Ouzel Falls,rocky-mountain-national-park,5.4,8500,9366,866,2,0,http://www.protrails.com/trail/12/rocky-mountain-national-park-calypso-cascades-and-ouzel-falls,94.7,0,0,0,0,0,0,1,1,1,1
Lion Lake,rocky-mountain-national-park,13.7,8510,11075,2565,4,0,http://www.protrails.com/trail/10/rocky-mountain-national-park-lion-lake,94.7,0,1,0,0,0,1,1,1,1,0
Ouzel Lake,rocky-mountain-national-park,9.9,8500,10010,1510,3,0,http://www.protrails.com/trail/33/rocky-mountain-national-park-ouzel-lake,94.7,0,1,0,0,0,0,1,1,1,1
Thunder Lake,rocky-mountain-national-park,13.2,8510,10574,2064,4,0,http://www.protrails.com/trail/109/rocky-mountain-national-park-thunder-lake,94.7,0,1,0,0,0,0,1,1,1,0
Beaver Lake,summit-county-eagle-county-clear-creek-county,5.2,8355,9746,1391,3,1,http://www.protrails.com/trail/713/summit-county-eagle-county-clear-creek-county-beaver-lake,115.966666667,0,1,0,0,0,0,0,0,0,1
Turquoise Lakes,summit-county-eagle-county-clear-creek-county,14.4,8355,11308,2953,4,1,http://www.protrails.com/trail/714/summit-county-eagle-county-clear-creek-county-turquoise-lakes,115.966666667,0,1,1,0,0,1,0,1,0,0
Broome Hut,summit-county-eagle-county-clear-creek-county,2.0,10629,11342,713,3,1,http://www.protrails.com/trail/679/summit-county-eagle-county-clear-creek-county-broome-hut,68.2666666667,0,0,0,0,0,0,0,0,0,0
Mt Flora,summit-county-eagle-county-clear-creek-county,6.45,11307,13132,1825,3,1,http://www.protrails.com/trail/680/summit-county-eagle-county-clear-creek-county-mt-flora,64.1833333333,0,0,0,1,0,0,0,0,0,0
Stanley Mountain,summit-county-eagle-county-clear-creek-county,7.7,11307,12521,1214,3,1,http://www.protrails.com/trail/683/summit-county-eagle-county-clear-creek-county-stanley-mountain,64.1833333333,0,0,0,1,1,1,0,0,0,0
Booth Lake,summit-county-eagle-county-clear-creek-county,8.7,8422,11434,3012,5,1,http://www.protrails.com/trail/388/summit-county-eagle-county-clear-creek-county-booth-lake,97.05,0,1,0,0,0,1,0,1,0,0
Buffalo Mountain,summit-county-eagle-county-clear-creek-county,5.5,9774,12777,3003,5,1,http://www.protrails.com/trail/384/summit-county-eagle-county-clear-creek-county-buffalo-mountain,79.25,0,0,0,1,0,0,0,0,0,0
Lily Pad Lake,summit-county-eagle-county-clear-creek-county,3.2,9824,9928,104,1,1,http://www.protrails.com/trail/385/summit-county-eagle-county-clear-creek-county-lily-pad-lake,79.7833333333,0,1,0,0,1,0,0,0,0,0
Red Buffalo Pass,summit-county-eagle-county-clear-creek-county,11.2,9774,11742,1968,5,1,http://www.protrails.com/trail/387/summit-county-eagle-county-clear-creek-county-red-buffalo-pass,79.25,1,1,1,0,0,0,0,1,0,0
Gore Range Trail to Lost Lake,summit-county-eagle-county-clear-creek-county,9.9,9723,11612,1889,4,1,http://www.protrails.com/trail/377/summit-county-eagle-county-clear-creek-county-gore-range-trail-to-lost-lake,81.1833333333,0,1,0,0,0,0,0,0,0,0
Gore Range Trail to Wheeler Lakes,summit-county-eagle-county-clear-creek-county,5.9,9723,11072,1349,3,1,http://www.protrails.com/trail/376/summit-county-eagle-county-clear-creek-county-gore-range-trail-to-wheeler-lakes,81.1833333333,0,1,0,0,0,1,0,0,0,0
Eaglesmere Lake,summit-county-eagle-county-clear-creek-county,7.2,8737,10397,1660,3,1,http://www.protrails.com/trail/652/summit-county-eagle-county-clear-creek-county-eaglesmere-lake,108.35,0,1,0,1,1,1,1,1,1,0
Chicago Lakes,summit-county-eagle-county-clear-creek-county,9.8,10617,11733,1116,4,1,http://www.protrails.com/trail/393/summit-county-eagle-county-clear-creek-county-chicago-lakes,59.1166666667,0,1,0,1,0,1,1,0,0,0
Lincoln Lake,summit-county-eagle-county-clear-creek-county,10.6,10707,11624,917,3,1,http://www.protrails.com/trail/667/summit-county-eagle-county-clear-creek-county-lincoln-lake,59.8333333333,0,1,0,0,0,1,1,0,1,0
Fredonia Gulch to Hoosier Ridge - Red Mountain,summit-county-eagle-county-clear-creek-county,4.0,10250,11451,1201,3,1,http://www.protrails.com/trail/371/summit-county-eagle-county-clear-creek-county-fredonia-gulch-to-hoosier-ridge-red-mountain,100.016666667,0,0,0,1,1,0,0,0,0,0
French Gulch Road to Sallie Barber Mine,summit-county-eagle-county-clear-creek-county,5.6,10330,10440,110,2,1,http://www.protrails.com/trail/370/summit-county-eagle-county-clear-creek-county-french-gulch-road-to-sallie-barber-mine,100.116666667,0,0,0,0,0,0,0,0,0,0
Gold Hill Trail,summit-county-eagle-county-clear-creek-county,6.6,9219,9989,770,3,1,http://www.protrails.com/trail/665/summit-county-eagle-county-clear-creek-county-gold-hill-trail,83.35,0,0,0,1,1,1,1,0,0,0
Deluge Lake,summit-county-eagle-county-clear-creek-county,9.1,8721,11746,3025,5,1,http://www.protrails.com/trail/382/summit-county-eagle-county-clear-creek-county-deluge-lake,99.25,0,1,0,1,0,0,0,0,0,0
Gore Lake,summit-county-eagle-county-clear-creek-county,12.2,8721,11414,2693,5,1,http://www.protrails.com/trail/380/summit-county-eagle-county-clear-creek-county-gore-lake,99.25,0,1,0,0,0,1,1,0,0,0
Grays Peak and Torreys Peak,summit-county-eagle-county-clear-creek-county,8.35,11259,14270,3011,5,1,http://www.protrails.com/trail/383/summit-county-eagle-county-clear-creek-county-grays-peak-and-torreys-peak,75.6833333333,0,0,0,1,0,0,0,1,0,0
Grouse Lake,summit-county-eagle-county-clear-creek-county,9.4,7835,10728,2893,3,1,http://www.protrails.com/trail/710/summit-county-eagle-county-clear-creek-county-grouse-lake,105.35,0,1,0,0,0,1,1,0,0,0
Olsen Lake,summit-county-eagle-county-clear-creek-county,11.2,7835,11268,3433,4,1,http://www.protrails.com/trail/712/summit-county-eagle-county-clear-creek-county-olsen-lake,105.35,0,1,0,0,0,1,0,1,1,0
Abyss Lake,summit-county-eagle-county-clear-creek-county,17.1,9654,12650,2996,5,1,http://www.protrails.com/trail/562/summit-county-eagle-county-clear-creek-county-abyss-lake,79.0833333333,0,1,0,0,0,0,0,1,1,0
Mt Bierstadt,summit-county-eagle-county-clear-creek-county,7.4,11656,14060,2404,4,1,http://www.protrails.com/trail/459/summit-county-eagle-county-clear-creek-county-mt-bierstadt,77.95,0,0,0,1,0,1,0,0,0,1
Square Top Lakes,summit-county-eagle-county-clear-creek-county,4.6,11678,12265,587,3,1,http://www.protrails.com/trail/561/summit-county-eagle-county-clear-creek-county-square-top-lakes,79.1333333333,0,1,0,0,1,0,0,0,0,1
Silver Dollar Lake,summit-county-eagle-county-clear-creek-county,3.3,11235,11950,715,3,1,http://www.protrails.com/trail/560/summit-county-eagle-county-clear-creek-county-silver-dollar-lake,72.5833333333,0,1,0,1,0,0,0,0,0,0
Lake Constantine,summit-county-eagle-county-clear-creek-county,7.9,10325,11371,1046,3,1,http://www.protrails.com/trail/723/summit-county-eagle-county-clear-creek-county-lake-constantine,148.9,0,1,0,0,0,0,0,1,1,0
Notch Mountain Trail,summit-county-eagle-county-clear-creek-county,10.4,10325,13077,2752,4,1,http://www.protrails.com/trail/724/summit-county-eagle-county-clear-creek-county-notch-mountain-trail,148.9,0,0,0,1,0,0,0,1,0,0
Tuhare Lakes,summit-county-eagle-county-clear-creek-county,11.2,10325,12365,2040,4,1,http://www.protrails.com/trail/722/summit-county-eagle-county-clear-creek-county-tuhare-lakes,148.9,1,1,0,0,0,0,0,1,0,0
Hanging Lake,summit-county-eagle-county-clear-creek-county,2.4,6122,7290,1168,5,0,http://www.protrails.com/trail/711/summit-county-eagle-county-clear-creek-county-hanging-lake,142.4,1,1,1,0,0,0,0,1,0,0
Hell's Hole Trail,summit-county-eagle-county-clear-creek-county,8.2,9703,11564,1861,3,1,http://www.protrails.com/trail/693/summit-county-eagle-county-clear-creek-county-hells-hole-trail,58.1833333333,0,0,0,0,0,1,0,0,1,0
Continental Divide Trail: Herman Gulch to Jones Pass,summit-county-eagle-county-clear-creek-county,17.0,10332,12478,2146,5,1,http://www.protrails.com/trail/397/summit-county-eagle-county-clear-creek-county-continental-divide-trail-herman-gulch-to-jones-pass,57.9666666667,0,0,0,1,0,1,0,0,0,0
Herman Lake,summit-county-eagle-county-clear-creek-county,6.5,10332,11987,1655,3,1,http://www.protrails.com/trail/396/summit-county-eagle-county-clear-creek-county-herman-lake,57.9666666667,0,1,0,0,0,0,0,0,0,0
Lonesome Lake,summit-county-eagle-county-clear-creek-county,10.4,10020,11571,1551,3,1,http://www.protrails.com/trail/725/summit-county-eagle-county-clear-creek-county-lonesome-lake,151.216666667,0,1,0,0,0,1,0,0,0,1
Mirror Lake (Summit County - Eagles Nest Wilderness Area),summit-county-eagle-county-clear-creek-county,14.05,8605,10559,1954,5,1,http://www.protrails.com/trail/451/summit-county-eagle-county-clear-creek-county-mirror-lake,106.683333333,0,1,0,0,0,0,0,1,0,0
Tipperary Lake,summit-county-eagle-county-clear-creek-county,10.25,8605,9768,1163,4,1,http://www.protrails.com/trail/452/summit-county-eagle-county-clear-creek-county-tipperary-lake,106.683333333,0,1,0,0,0,1,1,1,0,0
Upper Cataract Lake and Cat Lake,summit-county-eagle-county-clear-creek-county,10.9,8605,10744,2139,4,1,http://www.protrails.com/trail/450/summit-county-eagle-county-clear-creek-county-upper-cataract-lake-and-cat-lake,106.683333333,0,1,0,1,0,0,1,1,0,0
Cataract Loop Trail,summit-county-eagle-county-clear-creek-county,2.25,8652,8652,152,1,1,http://www.protrails.com/trail/406/summit-county-eagle-county-clear-creek-county-cataract-loop-trail,108.016666667,0,1,0,0,1,0,0,0,0,0
McCullough Gulch Trail,summit-county-eagle-county-clear-creek-county,2.7,11105,11915,810,3,1,http://www.protrails.com/trail/663/summit-county-eagle-county-clear-creek-county-mccullough-gulch-trail,114.283333333,1,1,0,0,1,0,0,1,0,1
Wheeler Trail to Mohawk Lakes,summit-county-eagle-county-clear-creek-county,8.3,10975,12073,1098,4,1,http://www.protrails.com/trail/662/summit-county-eagle-county-clear-creek-county-wheeler-trail-to-mohawk-lakes,113.316666667,0,1,0,0,0,1,0,1,1,1
Eccles Pass,summit-county-eagle-county-clear-creek-county,10.25,9157,11917,2760,4,1,http://www.protrails.com/trail/386/summit-county-eagle-county-clear-creek-county-eccles-pass,74.9166666667,0,1,0,0,0,0,0,0,0,0
Frisco to Vail Thru Hike,summit-county-eagle-county-clear-creek-county,13.55,9157,8721,-436,4,1,http://www.protrails.com/trail/456/summit-county-eagle-county-clear-creek-county-frisco-to-vail-thru-hike,74.9166666667,0,0,0,0,0,1,1,0,0,0
Willow Falls,summit-county-eagle-county-clear-creek-county,8.7,9237,10020,783,3,1,http://www.protrails.com/trail/400/summit-county-eagle-county-clear-creek-county-willow-falls,75.8833333333,0,0,0,0,1,0,0,1,0,0
Fancy Lake,summit-county-eagle-county-clear-creek-county,5.4,10017,11540,1523,3,1,http://www.protrails.com/trail/720/summit-county-eagle-county-clear-creek-county-fancy-lake,150.966666667,0,1,0,0,0,0,0,0,0,0
Missouri Lakes,summit-county-eagle-county-clear-creek-county,7.0,10010,11502,1492,3,1,http://www.protrails.com/trail/717/summit-county-eagle-county-clear-creek-county-missouri-lakes,151.033333333,0,1,0,0,0,0,0,0,1,0
Missouri Pass - Fancy Pass Loop,summit-county-eagle-county-clear-creek-county,8.8,10010,12390,2380,4,1,http://www.protrails.com/trail/719/summit-county-eagle-county-clear-creek-county-missouri-pass-fancy-pass-loop,151.033333333,0,1,0,0,0,0,0,0,0,0
Treasure Vault Lake,summit-county-eagle-county-clear-creek-county,9.8,10010,11675,1665,4,1,http://www.protrails.com/trail/721/summit-county-eagle-county-clear-creek-county-treasure-vault-lake,151.033333333,0,1,0,0,0,0,0,0,0,0
Mt Evans,summit-county-eagle-county-clear-creek-county,5.8,12830,14264,1434,4,1,http://www.protrails.com/trail/563/summit-county-eagle-county-clear-creek-county-mt-evans,80.6666666667,0,0,0,1,0,1,0,0,0,0
Mt Goliath Natural Area,summit-county-eagle-county-clear-creek-county,2.8,11540,12132,540,2,1,http://www.protrails.com/trail/586/summit-county-eagle-county-clear-creek-county-mt-goliath-natural-area,66.0333333333,0,0,0,0,0,0,0,0,0,0
Pitkin Lake,summit-county-eagle-county-clear-creek-county,8.9,8476,11362,2886,5,1,http://www.protrails.com/trail/389/summit-county-eagle-county-clear-creek-county-pitkin-lake,95.1,0,1,0,0,0,1,0,1,0,0
Ptarmigan Peak,summit-county-eagle-county-clear-creek-county,12.0,9155,12498,3343,5,1,http://www.protrails.com/trail/399/summit-county-eagle-county-clear-creek-county-ptarmigan-peak,72.1333333333,0,0,0,1,0,0,0,0,0,0
Quandary Peak,summit-county-eagle-county-clear-creek-county,6.2,10937,14265,3328,5,1,http://www.protrails.com/trail/390/summit-county-eagle-county-clear-creek-county-quandary-peak,104.933333333,0,1,1,1,0,0,0,0,0,1
Boulder Lake,summit-county-eagle-county-clear-creek-county,5.7,9487,9785,298,3,1,http://www.protrails.com/trail/378/summit-county-eagle-county-clear-creek-county-boulder-lake,88.2,0,1,0,0,0,0,0,0,0,0
Salmon Lake,summit-county-eagle-county-clear-creek-county,15.3,9487,11192,1705,4,1,http://www.protrails.com/trail/395/summit-county-eagle-county-clear-creek-county-salmon-lake,88.2,0,1,0,0,0,0,0,0,0,0
Willow Lakes,summit-county-eagle-county-clear-creek-county,17.4,9487,11418,1931,5,1,http://www.protrails.com/trail/394/summit-county-eagle-county-clear-creek-county-willow-lakes,88.2,0,1,0,0,0,0,0,0,0,0
Crystal Lakes (Summit County - Eagle County - Clear Creek County),summit-county-eagle-county-clear-creek-county,8.6,10390,12874,2482,3,1,http://www.protrails.com/trail/398/summit-county-eagle-county-clear-creek-county-crystal-lakes,100.533333333,0,1,0,0,0,1,0,0,0,0
Mayflower Lakes,summit-county-eagle-county-clear-creek-county,5.2,10390,11365,975,3,1,http://www.protrails.com/trail/369/summit-county-eagle-county-clear-creek-county-mayflower-lakes,100.5,0,1,0,0,0,0,0,0,0,0
Mohawk Lake and Lower Mohawk Lake,summit-county-eagle-county-clear-creek-county,6.7,10390,12073,1683,4,1,http://www.protrails.com/trail/368/summit-county-eagle-county-clear-creek-county-mohawk-lake-and-lower-mohawk-lake,100.5,0,1,0,0,0,1,0,1,1,0
James Peak,summit-county-eagle-county-clear-creek-county,8.3,10428,13294,2866,4,1,http://www.protrails.com/trail/391/summit-county-eagle-county-clear-creek-county-james-peak,56.9166666667,0,0,0,1,0,0,0,0,0,0
St Mary's Glacier,summit-county-eagle-county-clear-creek-county,1.5,10428,10848,420,2,1,http://www.protrails.com/trail/392/summit-county-eagle-county-clear-creek-county-st-marys-glacier,56.9166666667,0,1,0,1,0,0,1,0,0,0
Whitney Lake,summit-county-eagle-county-clear-creek-county,5.25,9110,10956,1846,3,1,http://www.protrails.com/trail/715/summit-county-eagle-county-clear-creek-county-whitney-lake,136.3,0,1,0,0,1,0,0,0,1,0
